Date;Rise;Set;RiseAzimuth;SetAzimuth;Meridian;Altitude;Distance;Illuminated;Phase;PhaseTime;PosAngle
2025-01-01;09:01:12;18:27:20;"122,5";"239,7";13:40:47;"25,3";379220;"4,1%";waxingcrescent;;"355,6"
2025-01-02;09:35:13;19:41:25;"116,2";"246,8";14:33:52;"30,0";376361;"9,6%";waxingcrescent;;"346,3"
2025-01-03;10:03:37;20:54:53;"108,7";"255,0";15:24:06;"35,9";374091;"17,4%";waxingcrescent;;"340,7"
2025-01-04;10:28:28;22:07:17;"100,2";"264,0";16:12:10;"42,5";372378;"27,0%";waxingcrescent;;"337,6"
2025-01-05;10:51:33;23:19:20;"91,3";"273,3";16:59:14;"49,5";371171;"37,9%";waxingcrescent;;"336,5"
2025-01-06;11:14:34;;"82,4";;17:46:43;"56,4";370433;"49,6%";firstquarter;18:56:17;"337,3"
2025-01-07;11:39:10;00:32:10;"73,7";"282,4";18:36:02;"63,0";370171;"61,3%";waxinggibbous;;"339,9"
2025-01-08;12:07:18;01:46:47;"65,7";"291,1";19:28:27;"68,8";370442;"72,4%";waxinggibbous;;"344,5"
2025-01-09;12:41:15;03:03:12;"58,8";"298,7";20:24:42;"73,5";371345;"82,2%";waxinggibbous;;"351,1"
2025-01-10;13:23:35;04:19:38;"53,9";"304,6";21:24:25;"76,5";372985;"90,2%";waxinggibbous;;"359,8"
2025-01-11;14:16:12;05:32:07;"51,4";"308,1";22:25:58;"77,6";375427;"96,0%";waxinggibbous;;"11,5"
2025-01-12;15:18:48;06:35:55;"51,8";"308,7";23:26:40;"76,7";378659;"99,2%";waxinggibbous;;"33,3"
2025-01-13;16:28:07;07:28:16;"54,9";"306,5";;;;;fullmoon;17:26:51;
2025-01-14;17:39:24;08:09:30;"60,1";"302,1";00:24:05;"74,0";382559;"99,8%";waninggibbous;;"140,7"
2025-01-15;18:49:05;08:41:55;"66,8";"296,0";01:16:50;"69,9";386903;"97,9%";waninggibbous;;"183,7"
2025-01-16;19:55:35;09:08:07;"74,2";"289,0";02:04:51;"64,8";391384;"93,9%";waninggibbous;;"194,5"
2025-01-17;20:58:59;09:30:17;"82,1";"281,5";02:48:54;"59,2";395657;"88,1%";waninggibbous;;"199,8"
2025-01-18;22:00:11;09:50:07;"90,0";"273,8";03:30:06;"53,3";399368;"80,9%";waninggibbous;;"202,6"
2025-01-19;23:00:23;10:08:58;"97,8";"266,2";04:09:42;"47,3";402198;"72,6%";waninggibbous;;"203,6"
2025-01-20;;10:28:01;;"258,7";04:48:56;"41,4";403887;"63,6%";waninggibbous;;"203,2"
2025-01-21;00:00:49;10:48:28;"105,3";"251,6";05:28:59;"35,9";404263;"54,1%";thirdquarter;15:30:47;"201,5"
2025-01-22;01:02:30;11:11:43;"112,4";"244,9";06:11:01;"30,8";403251;"44,4%";waningcrescent;;"198,5"
2025-01-23;02:05:57;11:39:29;"118,7";"239,1";06:56:02;"26,4";400889;"34,8%";waningcrescent;;"194,1"
2025-01-24;03:10:46;12:13:54;"124,0";"234,5";07:44:49;"22,9";397332;"25,6%";waningcrescent;;"188,4"
2025-01-25;04:15:11;12:57:14;"127,6";"231,6";08:37:33;"20,7";392844;"17,2%";waningcrescent;;"181,4"
2025-01-26;05:16:06;13:51:12;"129,2";"230,9";09:33:34;"19,9";387787;"10,0%";waningcrescent;;"172,9"
2025-01-27;06:10:18;14:55:31;"128,2";"232,7";10:31:16;"20,9";382593;"4,4%";waningcrescent;;"162,7"
2025-01-28;06:56:00;16:07:28;"124,7";"237,2";11:28:40;"23,6";377706;"1,0%";waningcrescent;;"145,8"
2025-01-29;07:33:32;17:23:03;"119,0";"243,7";12:24:04;"27,9";373529;"0,2%";newmoon;07:35:58;"38,2"
2025-01-30;08:04:35;18:39:06;"111,7";"251,9";13:16:46;"33,6";370355;"2,0%";waxingcrescent;;"348,8"
2025-01-31;08:31:13;19:54:11;"103,2";"260,9";14:07:00;"40,2";368340;"6,7%";waxingcrescent;;"340,0"
2025-02-01;08:55:21;21:08:22;"94,2";"270,4";14:55:38;"47,3";367496;"13,9%";waxingcrescent;;"336,7"
2025-02-02;09:18:42;22:22:30;"85,0";"279,9";15:43:56;"54,5";367711;"23,2%";waxingcrescent;;"336,2"
2025-02-03;09:42:58;23:37:29;"76,0";"288,9";16:33:16;"61,3";368798;"34,0%";waxingcrescent;;"337,8"
2025-02-04;10:09:57;;"67,6";;17:24:52;"67,4";370546;"45,6%";waxingcrescent;;"341,2"
2025-02-05;10:41:43;00:53:35;"60,4";"296,9";18:19:34;"72,4";372768;"57,3%";firstquarter;03:02:06;"346,5"
2025-02-06;11:20:41;02:09:37;"54,9";"303,3";19:17:23;"75,9";375326;"68,5%";waxinggibbous;;"353,2"
2025-02-07;12:08:56;03:22:29;"51,7";"307,5";20:17:15;"77,6";378140;"78,6%";waxinggibbous;;"1,0"
2025-02-08;13:07:04;04:27:58;"51,1";"309,0";21:17:05;"77,3";381177;"87,1%";waxinggibbous;;"9,4"
2025-02-09;14:13:03;05:22:57;"53,3";"307,8";22:14:35;"75,3";384418;"93,5%";waxinggibbous;;"18,1"
2025-02-10;15:22:52;06:06:58;"57,8";"304,1";23:08:11;"71,7";387833;"97,8%";waxinggibbous;;"28,0"
2025-02-11;16:32:40;06:41:43;"63,9";"298,7";23:57:26;"67,0";391354;"99,8%";waxinggibbous;;"54,9"
2025-02-12;17:40:11;07:09:41;"71,1";"292,0";;;;;fullmoon;08:53:21;
2025-02-13;18:44:51;07:33:02;"78,9";"284,6";00:42:43;"61,6";394856;"99,5%";waninggibbous;;"185,0"
2025-02-14;19:47:09;07:53:34;"86,8";"277,0";01:24:58;"55,7";398164;"97,2%";waninggibbous;;"199,6"
2025-02-15;20:48:02;08:12:40;"94,8";"269,2";02:05:15;"49,6";401054;"93,0%";waninggibbous;;"203,4"
2025-02-16;21:48:35;08:31:30;"102,5";"261,5";02:44:42;"43,7";403282;"87,2%";waninggibbous;;"204,4"
2025-02-17;22:49:49;08:51:14;"109,8";"254,2";03:24:26;"37,9";404607;"80,0%";waninggibbous;;"203,6"
2025-02-18;23:52:19;09:13:04;"116,5";"247,3";04:05:32;"32,6";404818;"71,7%";waninggibbous;;"201,5"
2025-02-19;;09:38:31;;"241,2";04:48:59;"28,0";403766;"62,6%";waninggibbous;;"198,0"
2025-02-20;00:56:06;10:09:25;"122,2";"236,0";05:35:35;"24,1";401381;"52,9%";thirdquarter;12:32:28;"193,3"
2025-02-21;02:00:00;10:47:57;"126,5";"232,4";06:25:49;"21,3";397703;"42,9%";waningcrescent;;"187,5"
2025-02-22;03:01:42;11:36:07;"129,0";"230,7";07:19:29;"19,9";392896;"33,0%";waningcrescent;;"180,7"
2025-02-23;03:58:11;12:34:49;"129,2";"231,3";08:15:35;"20,1";387256;"23,4%";waningcrescent;;"173,3"
2025-02-24;04:47:08;13:42:46;"126,9";"234,6";09:12:33;"21,9";381203;"14,8%";waningcrescent;;"165,9"
2025-02-25;05:28:00;14:56:48;"122,2";"240,2";10:08:41;"25,5";375246;"7,7%";waningcrescent;;"158,8"
2025-02-26;06:01:52;16:13:27;"115,5";"247,7";11:02:54;"30,6";369921;"2,6%";waningcrescent;;"151,7"
2025-02-27;06:30:38;17:30:28;"107,4";"256,5";11:54:59;"36,9";365720;"0,2%";newmoon;19:44:49;"134,0"
2025-02-28;06:56:12;18:47:09;"98,4";"266,2";12:45:27;"44,0";363009;"0,7%";waxingcrescent;;"340,8"
2025-03-01;07:20:23;20:03:52;"88,9";"276,1";13:35:22;"51,5";361974;"4,3%";waxingcrescent;;"335,0"
2025-03-02;07:44:54;21:21:20;"79,4";"285,7";14:25:58;"58,8";362598;"10,8%";waxingcrescent;;"335,1"
2025-03-03;08:11:31;22:39:51;"70,4";"294,4";15:18:27;"65,5";364679;"19,6%";waxingcrescent;;"337,8"
2025-03-04;08:42:18;23:58:22;"62,5";"301,6";16:13:41;"71,1";367890;"30,1%";waxingcrescent;;"342,4"
2025-03-05;09:19:31;;"56,3";;17:11:47;"75,1";371845;"41,6%";waxingcrescent;;"348,6"
2025-03-06;10:05:20;01:14:02;"52,2";"306,6";18:11:49;"77,4";376177;"53,2%";firstquarter;11:31:39;"355,9"
2025-03-07;11:00:45;02:22:36;"50,8";"309,0";19:11:52;"77,7";380579;"64,4%";waxinggibbous;;"3,5"
2025-03-08;12:04:22;03:20:38;"52,2";"308,6";20:09:44;"76,2";384837;"74,6%";waxinggibbous;;"10,8"
2025-03-09;14:12:37;05:07:16;"56,0";"305,6";22:03:51;"73,1";388826;"83,4%";waxinggibbous;;"17,1"
2025-03-10;15:21:41;05:44:00;"61,6";"300,7";22:53:39;"68,8";392490;"90,5%";waxinggibbous;;"22,3"
2025-03-11;16:29:05;06:13:20;"68,4";"294,5";23:39:28;"63,6";395809;"95,6%";waxinggibbous;;"26,2"
2025-03-12;17:33:57;06:37:35;"76,0";"287,4";;;;;waxinggibbous;;
2025-03-13;18:36:31;06:58:37;"83,9";"279,8";00:22:08;"57,9";398766;"98,8%";waxinggibbous;;"29,3"
2025-03-14;19:37:36;07:17:53;"91,8";"272,1";01:02:41;"51,9";401324;"100,0%";fullmoon;02:54:39;"48,1"
2025-03-15;20:38:11;07:36:36;"99,7";"264,4";01:42:11;"45,9";403410;"99,2%";waninggibbous;;"207,3"
2025-03-16;21:39:11;07:55:49;"107,2";"256,9";02:21:42;"40,0";404911;"96,5%";waninggibbous;;"207,1"
2025-03-17;22:41:15;08:16:42;"114,1";"249,8";03:02:13;"34,5";405684;"92,0%";waninggibbous;;"205,2"
2025-03-18;23:44:27;08:40:34;"120,2";"243,3";03:44:41;"29,6";405570;"86,0%";waninggibbous;;"202,1"
2025-03-19;;09:09:00;;"237,8";04:29:51;"25,4";404420;"78,6%";waninggibbous;;"197,7"
2025-03-20;00:47:58;09:43:56;"125,1";"233,5";05:18:11;"22,2";402119;"70,0%";waninggibbous;;"192,3"
2025-03-21;01:49:54;10:27:17;"128,3";"231,0";06:09:41;"20,3";398622;"60,5%";waninggibbous;;"186,0"
2025-03-22;02:47:34;11:20:19;"129,5";"230,7";07:03:41;"19,8";393980;"50,3%";thirdquarter;07:29:22;"179,2"
2025-03-23;03:38:31;12:22:44;"128,3";"232,7";07:58:55;"20,9";388371;"39,8%";waningcrescent;;"172,2"
2025-03-24;04:21:42;13:32:23;"124,7";"237,2";08:54:00;"23,6";382106;"29,5%";waningcrescent;;"165,8"
2025-03-25;04:57:42;14:46:16;"119,1";"243,6";09:47:48;"27,9";375626;"19,7%";waningcrescent;;"160,4"
2025-03-26;05:28:07;16:01:58;"111,8";"251,8";10:39:55;"33,5";369469;"11,3%";waningcrescent;;"156,5"
2025-03-27;05:54:47;17:18:23;"103,3";"261,0";11:30:42;"40,2";364208;"4,8%";waningcrescent;;"154,5"
2025-03-28;06:19:31;18:35:35;"93,9";"270,9";12:20:58;"47,6";360377;"0,9%";waningcrescent;;"156,5"
2025-03-29;06:44:02;19:54:12;"84,2";"280,9";13:11:57;"55,1";358375;"0,1%";newmoon;06:57:46;"315,8"
2025-03-30;07:10:06;21:14:44;"74,7";"290,4";14:04:54;"62,4";358390;"2,6%";waxingcrescent;;"330,7"
2025-03-31;07:39:45;22:36:34;"66,0";"298,7";15:00:51;"68,7";360364;"8,2%";waxingcrescent;;"336,4"
2025-04-01;08:15:19;23:56:59;"58,7";"304,9";16:00:08;"73,7";364009;"16,3%";waxingcrescent;;"342,9"
2025-04-02;08:59:13;;"53,5";;17:01:53;"76,8";368870;"26,3%";waxingcrescent;;"350,4"
2025-04-03;09:52:57;01:11:20;"51,0";"308,5";18:04:05;"77,8";374422;"37,4%";waxingcrescent;;"358,4"
2025-04-04;10:55:40;02:15:02;"51,5";"309,0";19:04:11;"76,8";380164;"48,7%";firstquarter;22:14:43;"6,0"
2025-04-05;12:03:52;03:06:14;"54,6";"306,8";20:00:14;"74,2";385687;"59,7%";waxinggibbous;;"12,6"
2025-04-06;13:13:22;03:46:09;"59,8";"302,4";20:51:29;"70,2";390708;"69,9%";waxinggibbous;;"17,8"
2025-04-07;14:21:14;04:17:31;"66,3";"296,5";21:38:15;"65,2";395066;"79,0%";waxinggibbous;;"21,6"
2025-04-08;15:26:22;04:42:59;"73,6";"289,6";22:21:25;"59,7";398692;"86,6%";waxinggibbous;;"23,8"
2025-04-09;16:28:59;05:04:40;"81,3";"282,3";23:02:09;"53,9";401585;"92,6%";waxinggibbous;;"24,3"
2025-04-10;17:29:55;05:24:13;"89,2";"274,6";23:41:34;"47,9";403768;"96,9%";waxinggibbous;;"22,5"
2025-04-11;18:30:10;05:42:52;"97,1";"266,9";;;;;waxinggibbous;;
2025-04-12;19:30:45;06:01:45;"104,7";"259,4";00:20:45;"42,0";405274;"99,4%";fullmoon;20:22:16;"13,9"
2025-04-13;20:32:22;06:21:58;"111,8";"252,2";01:00:46;"36,4";406113;"99,9%";waninggibbous;;"251,6"
2025-04-14;21:35:16;06:44:45;"118,2";"245,5";01:42:31;"31,2";406267;"98,6%";waninggibbous;;"213,4"
2025-04-15;22:38:47;07:11:33;"123,5";"239,6";02:26:46;"26,8";405687;"95,4%";waninggibbous;;"205,0"
2025-04-16;23:41:14;07:44:08;"127,3";"234,9";03:14:00;"23,2";404297;"90,5%";waninggibbous;;"198,3"
2025-04-17;;08:24:17;;"231,8";04:04:15;"20,9";402018;"83,9%";waninggibbous;;"191,5"
2025-04-18;00:40:03;09:13:21;"129,2";"230,7";04:56:55;"19,9";398787;"75,9%";waninggibbous;;"184,4"
2025-04-19;01:32:38;10:11:24;"128,8";"231,8";05:50:52;"20,4";394596;"66,7%";waninggibbous;;"177,2"
2025-04-20;02:17:36;11:16:48;"126,2";"235,3";06:44:44;"22,4";389516;"56,5%";thirdquarter;21:35:34;"170,5"
2025-04-21;02:55:09;12:26:54;"121,5";"240,8";07:37:25;"26,0";383728;"45,7%";waningcrescent;;"164,7"
2025-04-22;03:26:39;13:39:21;"115,1";"248,0";08:28:27;"30,9";377533;"34,8%";waningcrescent;;"160,2"
2025-04-23;03:53:53;14:52:54;"107,4";"256,5";09:18:02;"36,9";371352;"24,3%";waningcrescent;;"157,3"
2025-04-24;04:18:39;16:07:31;"98,6";"265,8";10:07:00;"43,8";365698;"14,8%";waningcrescent;;"156,2"
2025-04-25;04:42:36;17:23:55;"89,3";"275,7";10:56:29;"51,2";361123;"7,2%";waningcrescent;;"157,8"
2025-04-26;05:07:29;18:43:02;"79,8";"285,4";11:47:54;"58,6";358138;"2,1%";waningcrescent;;"164,6"
2025-04-27;05:35:12;20:05:07;"70,5";"294,5";12:42:34;"65,5";357119;"0,1%";newmoon;15:31:10;"222,9"
2025-04-28;06:08:05;21:28:29;"62,3";"302,0";13:41:18;"71,3";358217;"1,5%";waxingcrescent;;"327,0"
2025-04-29;06:48:49;22:48:49;"55,8";"307,0";14:43:52;"75,4";361319;"6,0%";waxingcrescent;;"341,1"
2025-04-30;07:39:44;;"51,9";;15:48:27;"77,5";366060;"13,2%";waxingcrescent;;"351,2"
2025-05-01;08:41:07;00:00:13;"51,1";"308,9";16:52:03;"77,3";371905;"22,4%";waxingcrescent;;"0,2"
2025-05-02;09:50:00;00:58:39;"53,3";"307,7";17:51:49;"75,2";378256;"32,8%";waxingcrescent;;"8,0"
2025-05-03;11:01:28;01:44:06;"58,0";"304,0";18:46:17;"71,6";384568;"43,6%";waxingcrescent;;"14,2"
2025-05-04;12:11:31;02:19:08;"64,2";"298,4";19:35:26;"66,8";390404;"54,3%";firstquarter;09:51:47;"18,8"
2025-05-05;13:18:22;02:46:54;"71,3";"291,8";20:20:10;"61,4";395465;"64,5%";waxinggibbous;;"21,8"
2025-05-06;14:22:01;03:09:56;"78,9";"284,5";21:01:44;"55,6";399579;"73,8%";waxinggibbous;;"23,3"
2025-05-07;15:23:19;03:30:10;"86,8";"276,9";21:41:27;"49,7";402678;"81,9%";waxinggibbous;;"23,3"
2025-05-08;16:23:26;03:49:04;"94,6";"269,3";22:20:30;"43,8";404775;"88,8%";waxinggibbous;;"21,7"
2025-05-09;17:23:34;04:07:48;"102,3";"261,7";23:00:04;"38,1";405933;"94,1%";waxinggibbous;;"18,0"
2025-05-10;18:24:37;04:27:33;"109,5";"254,4";23:41:08;"32,8";406238;"97,8%";waxinggibbous;;"10,0"
2025-05-11;19:27:04;04:49:29;"116,2";"247,6";;;;;waxinggibbous;;
2025-05-12;20:30:34;05:15:01;"121,9";"241,5";00:24:35;"28,2";405779;"99,6%";fullmoon;12:55:56;"343,0"
2025-05-13;21:33:43;05:45:51;"126,2";"236,4";01:11:01;"24,3";404625;"99,6%";waninggibbous;;"232,0"
2025-05-14;22:34:01;06:23:46;"128,6";"232,7";02:00:35;"21,6";402817;"97,6%";waninggibbous;;"204,0"
2025-05-15;23:28:38;07:10:15;"129,0";"231,0";02:52:45;"20,2";400370;"93,8%";waninggibbous;;"192,2"
2025-05-16;;08:05:37;;"231,5";03:46:24;"20,2";397281;"88,0%";waninggibbous;;"183,1"
2025-05-17;00:15:41;09:08:29;"127,0";"234,2";04:40:02;"21,8";393549;"80,6%";waninggibbous;;"175,2"
2025-05-18;00:54:58;10:16:14;"123,0";"239,0";05:32:24;"24,8";389200;"71,6%";waninggibbous;;"168,6"
2025-05-19;01:27:36;11:26:17;"117,2";"245,5";06:22:49;"29,2";384317;"61,5%";waninggibbous;;"163,2"
2025-05-20;01:55:22;12:37:08;"110,1";"253,3";07:11:22;"34,7";379062;"50,5%";thirdquarter;07:58:46;"159,4"
2025-05-21;02:20:04;13:48:34;"102,0";"262,1";07:58:44;"41,1";373696;"39,2%";waningcrescent;;"157,2"
2025-05-22;02:43:20;15:01:16;"93,2";"271,4";08:46:04;"48,0";368578;"28,1%";waningcrescent;;"156,7"
2025-05-23;03:06:50;16:16:25;"84,1";"280,9";09:34:45;"55,2";364148;"17,9%";waningcrescent;;"158,3"
2025-05-24;03:32:18;17:34:59;"74,9";"290,1";10:26:17;"62,2";360874;"9,5%";waningcrescent;;"162,7"
2025-05-25;04:01:52;18:56:46;"66,3";"298,3";11:21:59;"68,5";359184;"3,5%";waningcrescent;;"171,9"
2025-05-26;04:38:09;20:19:06;"59,0";"304,7";12:22:27;"73,5";359367;"0,5%";newmoon;23:02:23;"202,8"
2025-05-27;05:24:04;21:36:26;"53,7";"308,2";13:26:52;"76,6";361503;"0,7%";waxingcrescent;;"323,1"
2025-05-28;06:21:28;22:42:47;"51,3";"308,5";14:32:35;"77,5";365414;"4,1%";waxingcrescent;;"348,6"
2025-05-29;07:29:04;23:35:31;"52,2";"305,7";15:36:09;"76,2";370695;"10,2%";waxingcrescent;;"0,7"
2025-05-30;08:42:09;;"55,9";;16:34:51;"73,1";376803;"18,3%";waxingcrescent;;"9,3"
2025-05-31;09:55:22;00:16:01;"61,7";"300,7";17:27:46;"68,7";383163;"27,8%";waxingcrescent;;"15,5"
2025-06-01;11:05:28;00:47:26;"68,7";"294,2";18:15:23;"63,3";389258;"37,9%";waxingcrescent;;"19,7"
2025-06-02;12:11:41;01:12:47;"76,4";"287,0";18:58:54;"57,6";394675;"48,2%";firstquarter;23:40:57;"22,2"
2025-06-03;13:14:38;01:34:23;"84,3";"279,4";19:39:43;"51,6";399123;"58,3%";waxinggibbous;;"23,3"
2025-06-04;14:15:32;01:53:58;"92,2";"271,7";20:19:13;"45,6";402432;"67,8%";waxinggibbous;;"23,0"
2025-06-05;15:15:45;02:12:53;"99,9";"264,1";20:58:39;"39,9";404542;"76,5%";waxinggibbous;;"21,3"
2025-06-06;16:16:25;02:32:19;"107,3";"256,7";21:39:10;"34,5";405483;"84,2%";waxinggibbous;;"18,1"
2025-06-07;17:18:18;02:53:31;"114,1";"249,7";22:21:48;"29,6";405355;"90,5%";waxinggibbous;;"13,1"
2025-06-08;18:21:32;03:17:51;"120,1";"243,4";23:07:18;"25,5";404300;"95,4%";waxinggibbous;;"5,2"
2025-06-09;19:25:07;03:46:57;"124,9";"237,9";23:56:05;"22,4";402481;"98,6%";waxinggibbous;;"350,3"
2025-06-10;20:26:53;04:22:42;"128,0";"233,8";;;;;waxinggibbous;;
2025-06-11;21:23:52;05:06:50;"129,0";"231,4";00:47:52;"20,5";400059;"99,8%";fullmoon;03:43:52;"290,6"
2025-06-12;22:13:39;06:00:07;"127,7";"231,2";01:41:40;"20,1";397176;"99,0%";waninggibbous;;"204,2"
2025-06-13;22:55:23;07:01:35;"124,2";"233,3";02:35:55;"21,3";393941;"96,1%";waninggibbous;;"184,4"
2025-06-14;23:29:51;08:08:36;"118,9";"237,6";03:29:05;"23,9";390431;"91,1%";waninggibbous;;"174,0"
2025-06-15;23:58:43;09:18:13;"112,1";"243,7";04:20:09;"28,0";386697;"84,1%";waninggibbous;;"166,7"
2025-06-16;;10:28:22;;"251,1";05:08:55;"33,2";382787;"75,4%";waninggibbous;;"161,6"
2025-06-17;00:23:49;11:38:24;"104,4";"259,5";05:55:50;"39,2";378767;"65,3%";waninggibbous;;"158,3"
2025-06-18;00:46:52;12:48:45;"95,9";"268,4";06:41:57;"45,8";374753;"54,1%";thirdquarter;15:19:06;"156,7"
2025-06-19;01:09:26;14:00:33;"87,1";"277,6";07:28:34;"52,8";370930;"42,5%";waningcrescent;;"156,9"
2025-06-20;01:33:09;15:15:02;"78,2";"286,7";08:17:09;"59,6";367555;"31,1%";waningcrescent;;"158,9"
2025-06-21;01:59:54;16:32:51;"69,6";"295,1";09:09:12;"66,0";364944;"20,5%";waningcrescent;;"163,1"
2025-06-22;02:31:59;17:52:58;"61,9";"302,1";10:05:49;"71,5";363433;"11,5%";waningcrescent;;"169,9"
2025-06-23;03:12:16;19:11:39;"55,8";"306,9";11:07:11;"75,4";363311;"4,8%";waningcrescent;;"180,5"
2025-06-24;04:03:29;20:23:01;"52,1";"308,7";12:11:50;"77,3";364749;"1,0%";waningcrescent;;"202,1"
2025-06-25;05:06:24;21:22:19;"51,4";"307,3";13:16:45;"77,1";367735;"0,3%";newmoon;06:31:36;"312,0"
2025-06-26;06:18:06;22:08:45;"53,9";"303,1";14:18:33;"74,7";372052;"2,5%";waxingcrescent;;"356,8"
2025-06-27;07:33:01;22:44:35;"59,0";"297,1";15:15:09;"70,7";377320;"7,3%";waxingcrescent;;"9,4"
2025-06-28;08:46:21;23:12:57;"65,7";"290,0";16:06:10;"65,6";383063;"14,2%";waxingcrescent;;"16,4"
2025-06-29;09:55:53;23:36:29;"73,3";"282,4";16:52:22;"59,9";388791;"22,5%";waxingcrescent;;"20,6"
2025-06-30;11:01:33;23:57:11;"81,3";"274,5";17:35:05;"53,8";394053;"31,8%";waxingcrescent;;"22,9"
2025-07-01;12:04:18;;"89,4";;18:15:41;"47,7";398479;"41,6%";waxingcrescent;;"23,6"
2025-07-02;13:05:27;00:16:35;"97,3";"266,7";18:55:31;"41,8";401802;"51,5%";firstquarter;15:30:09;"22,9"
2025-07-03;14:06:19;00:35:57;"104,9";"259,2";19:35:48;"36,2";403866;"61,2%";waxinggibbous;;"21,0"
2025-07-04;15:07:55;00:56:32;"111,9";"252,0";20:17:41;"31,1";404622;"70,4%";waxinggibbous;;"17,7"
2025-07-05;16:10:42;01:19:40;"118,3";"245,4";21:02:07;"26,8";404121;"78,9%";waxinggibbous;;"13,1"
2025-07-06;17:14:17;01:46:54;"123,5";"239,6";21:49:43;"23,3";402502;"86,3%";waxinggibbous;;"6,9"
2025-07-07;18:17:01;02:20:08;"127,2";"235,0";22:40:36;"21,0";399967;"92,4%";waxinggibbous;;"358,9"
2025-07-08;19:16:12;03:01:19;"128,9";"232,0";23:34:07;"20,0";396766;"96,8%";waxinggibbous;;"347,7"
2025-07-09;20:09:00;03:51:47;"128,4";"231,0";;;;;waxinggibbous;;
2025-07-10;20:53:53;04:51:22;"125,5";"232,4";00:28:55;"20,7";393162;"99,4%";fullmoon;16:36:47;"324,7"
2025-07-11;21:31:00;05:57:54;"120,7";"236,0";01:23:18;"22,9";389404;"99,7%";waninggibbous;;"214,0"
2025-07-12;22:01:48;07:08:08;"114,2";"241,7";02:15:54;"26,6";385698;"97,8%";waninggibbous;;"176,3"
2025-07-13;22:28:07;08:19:21;"106,6";"248,9";03:06:05;"31,6";382191;"93,5%";waninggibbous;;"165,6"
2025-07-14;22:51:42;09:30:13;"98,3";"257,1";03:54:01;"37,5";378971;"86,9%";waninggibbous;;"160,0"
2025-07-15;23:14:10;10:40:42;"89,5";"266,0";04:40:30;"44,0";376078;"78,4%";waninggibbous;;"157,0"
2025-07-16;23:37:05;11:51:37;"80,7";"275,1";05:26:41;"50,9";373534;"68,3%";waninggibbous;;"156,1"
2025-07-17;;13:04:10;;"284,1";06:13:56;"57,7";371370;"57,0%";thirdquarter;20:37:40;"157,0"
2025-07-18;00:02:07;14:19:13;"72,1";"292,6";07:03:41;"64,2";369651;"45,1%";waningcrescent;;"159,8"
2025-07-19;00:31:21;15:36:35;"64,2";"300,0";07:57:12;"69,9";368491;"33,4%";waningcrescent;;"164,5"
2025-07-20;01:07:17;16:53:57;"57,7";"305,5";08:55:07;"74,3";368042;"22,6%";waningcrescent;;"171,1"
2025-07-21;01:52:42;18:06:44;"53,1";"308,5";09:56:55;"76,9";368474;"13,3%";waningcrescent;;"179,5"
2025-07-22;02:49:32;19:09:50;"51,2";"308,4";11:00:31;"77,5";369923;"6,3%";waningcrescent;;"189,7"
2025-07-23;03:56:49;20:00:49;"52,4";"305,3";12:02:53;"76,0";372438;"1,8%";waningcrescent;;"204,0"
2025-07-24;05:10:17;20:40:38;"56,4";"300,0";13:01:25;"72,7";375948;"0,1%";newmoon;15:11:15;"265,8"
2025-07-25;06:24:43;21:11:58;"62,5";"293,3";13:54:55;"68,0";380254;"1,2%";waxingcrescent;;"4,0"
2025-07-26;07:36:36;21:37:31;"69,9";"285,7";14:43:30;"62,4";385054;"4,6%";waxingcrescent;;"16,6"
2025-07-27;08:44:47;21:59:29;"77,9";"277,8";15:28:09;"56,4";389977;"10,2%";waxingcrescent;;"21,6"
2025-07-28;09:49:40;22:19:32;"86,1";"269,8";16:10:08;"50,2";394633;"17,3%";waxingcrescent;;"23,8"
2025-07-29;10:52:19;22:39:00;"94,2";"262,0";16:50:43;"44,1";398653;"25,7%";waxingcrescent;;"24,2"
2025-07-30;11:53:57;22:59:08;"102,1";"254,6";17:31:08;"38,3";401721;"34,8%";waxingcrescent;;"23,2"
2025-07-31;12:55:41;23:21:10;"109,4";"247,7";18:12:33;"32,9";403601;"44,4%";waxingcrescent;;"20,8"
2025-08-01;13:58:13;23:46:36;"116,1";"241,5";18:55:58;"28,2";404155;"54,2%";firstquarter;08:41:19;"17,2"
2025-08-02;15:01:33;;"121,8";;19:42:11;"24,4";403351;"63,8%";waxinggibbous;;"12,4"
2025-08-03;16:04:38;00:17:09;"126,1";"236,4";20:31:35;"21,6";401264;"73,0%";waxinggibbous;;"6,4"
2025-08-04;17:05:17;00:54:48;"128,7";"232,7";21:23:57;"20,1";398075;"81,4%";waxinggibbous;;"359,5"
2025-08-05;18:00:44;01:41:19;"129,0";"230,9";22:18:20;"20,1";394056;"88,7%";waxinggibbous;;"351,7"
2025-08-06;18:48:51;02:37:25;"127,1";"231,4";23:13:15;"21,8";389550;"94,5%";waxinggibbous;;"343,2"
2025-08-07;19:29:08;03:41:52;"122,9";"234,2";;;;;waxinggibbous;;
2025-08-08;20:02:32;04:51:50;"116,9";"239,2";00:07:09;"24,9";384927;"98,3%";waxinggibbous;;"332,3"
2025-08-09;20:30:45;06:04:11;"109,5";"246,0";00:59:03;"29,5";380544;"99,9%";fullmoon;03:55:04;"281,1"
2025-08-10;20:55:34;07:16:51;"101,2";"254,1";01:48:44;"35,2";376697;"99,0%";waninggibbous;;"167,7"
2025-08-11;21:18:41;08:29:07;"92,3";"263,0";02:36:41;"41,8";373594;"95,4%";waninggibbous;;"158,3"
2025-08-12;21:41:39;09:41:23;"83,2";"272,3";03:23:50;"48,7";371339;"89,3%";waninggibbous;;"155,5"
2025-08-13;22:06:06;10:54:34;"74,4";"281,6";04:11:27;"55,8";369940;"80,9%";waninggibbous;;"155,3"
2025-08-14;22:33:52;12:09:32;"66,3";"290,4";05:00:50;"62,5";369332;"70,7%";waninggibbous;;"157,2"
2025-08-15;23:07:16;13:26:19;"59,3";"298,2";05:53:12;"68,4";369418;"59,4%";waninggibbous;;"161,0"
2025-08-16;23:48:51;14:43:18;"54,1";"304,3";06:49:20;"73,2";370103;"47,4%";thirdquarter;01:12:13;"166,5"
2025-08-17;;15:56:44;;"308,0";07:49:04;"76,4";371321;"35,7%";waningcrescent;;"173,4"
2025-08-18;00:40:49;17:01:54;"51,3";"308,9";08:50:58;"77,7";373046;"24,8%";waningcrescent;;"181,4"
2025-08-19;01:43:21;17:55:47;"51,5";"306,9";09:52:33;"76,9";375279;"15,4%";waningcrescent;;"189,5"
2025-08-20;02:53:33;18:38:26;"54,5";"302,4";10:51:19;"74,3";378027;"8,0%";waningcrescent;;"197,3"
2025-08-21;04:06:43;19:12:03;"59,8";"296,3";11:45:45;"70,1";381268;"3,0%";waningcrescent;;"204,9"
2025-08-22;05:18:54;19:39:15;"66,7";"289,0";12:35:35;"64,9";384928;"0,4%";waningcrescent;;"217,4"
2025-08-23;06:28:11;20:02:16;"74,4";"281,2";13:21:27;"59,0";388867;"0,2%";newmoon;02:06:33;"10,8"
2025-08-24;07:34:21;20:22:54;"82,6";"273,1";14:04:23;"52,8";392877;"2,4%";waxingcrescent;;"23,4"
2025-08-25;08:38:07;20:42:30;"90,9";"265,2";14:45:36;"46,6";396699;"6,6%";waxingcrescent;;"25,7"
2025-08-26;09:40:32;21:02:18;"99,0";"257,5";15:26:15;"40,5";400042;"12,4%";waxingcrescent;;"25,5"
2025-08-27;10:42:37;21:23:30;"106,6";"250,3";16:07:25;"34,9";402621;"19,7%";waxingcrescent;;"23,9"
2025-08-28;11:45:08;21:47:23;"113,6";"243,8";16:50:05;"29,9";404176;"28,1%";waxingcrescent;;"20,9"
2025-08-29;12:48:17;22:15:33;"119,8";"238,2";17:35:04;"25,7";404508;"37,3%";waxingcrescent;;"16,7"
2025-08-30;13:51:25;22:49:49;"124,7";"233,9";18:22:54;"22,5";403501;"46,9%";waxingcrescent;;"11,5"
2025-08-31;14:52:50;23:32:01;"128,0";"231,3";19:13:37;"20,5";401140;"56,8%";firstquarter;02:25:11;"5,3"
2025-09-01;15:50:05;;"129,3";;20:06:37;"19,9";397528;"66,6%";waxinggibbous;;"358,6"
2025-09-02;16:40:52;00:23:25;"128,3";"230,8";21:00:48;"20,8";392888;"76,0%";waxinggibbous;;"351,7"
2025-09-03;17:24:04;01:23:46;"125,1";"232,5";21:54:47;"23,2";387559;"84,4%";waxinggibbous;;"345,2"
2025-09-04;18:00:07;02:31:07;"119,9";"236,6";22:47:27;"27,2";381967;"91,5%";waxinggibbous;;"339,5"
2025-09-05;18:30:28;03:42:36;"113,1";"242,6";23:38:19;"32,5";376580;"96,7%";waxinggibbous;;"334,8"
2025-09-06;18:56:51;04:55:45;"105,0";"250,2";;;;;waxinggibbous;;
2025-09-07;19:20:58;06:09:20;"96,1";"259,0";00:27:34;"38,8";371852;"99,6%";fullmoon;14:08:54;"330,5"
2025-09-08;19:44:25;07:23:15;"86,9";"268,4";01:15:58;"45,8";368168;"99,7%";waninggibbous;;"153,6"
2025-09-09;20:08:49;08:38:08;"77,7";"278,0";02:04:34;"53,0";365786;"97,0%";waninggibbous;;"152,1"
2025-09-10;20:35:58;09:54:44;"68,9";"287,3";02:54:39;"60,1";364807;"91,4%";waninggibbous;;"153,6"
2025-09-11;21:08:00;11:13:13;"61,3";"295,8";03:47:24;"66,6";365175;"83,3%";waninggibbous;;"157,0"
2025-09-12;21:47:26;12:32:11;"55,4";"302,7";04:43:36;"71,9";366704;"73,2%";waninggibbous;;"162,2"
2025-09-13;22:36:32;13:48:10;"51,8";"307,3";05:43:14;"75,7";369131;"61,9%";waninggibbous;;"168,8"
2025-09-14;23:35:57;14:56:24;"51,0";"309,0";06:45:02;"77,5";372172;"50,0%";thirdquarter;06:32:55;"176,4"
2025-09-15;;15:53:22;;"307,9";07:46:43;"77,4";375574;"38,4%";waningcrescent;;"184,1"
2025-09-16;00:43:35;16:38:38;"53,2";"304,1";08:45:48;"75,3";379148;"27,6%";waningcrescent;;"191,2"
2025-09-17;01:55:09;17:14:11;"57,8";"298,5";09:40:43;"71,7";382774;"18,2%";waningcrescent;;"197,2"
2025-09-18;03:06:38;17:42:42;"64,1";"291,7";10:31:05;"66,8";386386;"10,5%";waningcrescent;;"201,6"
2025-09-19;04:15:46;18:06:32;"71,5";"284,1";11:17:24;"61,2";389945;"4,9%";waningcrescent;;"204,2"
2025-09-20;05:22:03;18:27:35;"79,5";"276,2";12:00:41;"55,2";393409;"1,4%";waningcrescent;;"204,2"
2025-09-21;06:25:59;18:47:15;"87,7";"268,3";12:42:04;"49,0";396707;"0,0%";newmoon;15:54:11;"174,9"
2025-09-22;07:28:31;19:06:47;"95,8";"260,5";13:22:39;"42,9";399723;"0,8%";waxingcrescent;;"34,0"
2025-09-23;08:30:36;19:27:19;"103,7";"253,1";14:03:31;"37,1";402302;"3,6%";waxingcrescent;;"29,5"
2025-09-24;09:33:02;19:50:04;"111,0";"246,2";14:45:35;"31,8";404251;"8,1%";waxingcrescent;;"25,8"
2025-09-25;10:36:03;20:16:25;"117,5";"240,3";15:29:40;"27,3";405364;"14,3%";waxingcrescent;;"21,5"
2025-09-26;11:39:14;20:48:02;"122,9";"235,4";16:16:16;"23,6";405444;"21,8%";waxingcrescent;;"16,4"
2025-09-27;12:41:11;21:26:38;"126,9";"232,2";17:05:32;"21,1";404330;"30,3%";waxingcrescent;;"10,4"
2025-09-28;13:39:40;22:13:35;"129,0";"230,8";17:57:03;"20,0";401934;"39,7%";waxingcrescent;;"3,8"
2025-09-29;14:32:21;23:09:14;"129,0";"231,5";18:49:53;"20,2";398260;"49,7%";firstquarter;19:53:51;"357,1"
2025-09-30;15:17:48;;"126,8";;19:42:53;"22,0";393432;"59,9%";waxinggibbous;;"350,6"
2025-10-01;15:56:02;00:12:22;"122,5";"234,5";20:35:00;"25,2";387704;"70,0%";waxinggibbous;;"344,9"
2025-10-02;16:28:10;01:20:40;"116,5";"239,6";21:25:40;"29,8";381456;"79,4%";waxinggibbous;;"340,4"
2025-10-03;16:55:51;02:31:46;"109,1";"246,4";22:14:55;"35,5";375167;"87,7%";waxinggibbous;;"337,4"
2025-10-04;17:20:45;03:44:14;"100,7";"254,5";23:03:23;"42,2";369379;"94,3%";waxinggibbous;;"336,6"
2025-10-05;17:44:30;04:57:42;"91,6";"263,6";23:52:04;"49,4";364627;"98,6%";waxinggibbous;;"340,7"
2025-10-06;18:08:42;06:12:39;"82,1";"273,2";;;;;fullmoon;23:47:35;
2025-10-07;18:35:06;07:29:54;"72,9";"282,9";00:42:11;"56,7";361367;"100,0%";waninggibbous;;"79,5"
2025-10-08;19:05:49;08:49:55;"64,5";"292,1";01:35:03;"63,7";359894;"98,2%";waninggibbous;;"146,3"
2025-10-09;19:43:23;10:11:48;"57,6";"300,0";02:31:40;"69,8";360291;"93,4%";waninggibbous;;"155,0"
2025-10-10;20:30:21;11:32:19;"52,9";"305,7";03:32:13;"74,4";362415;"85,8%";waninggibbous;;"162,7"
2025-10-11;21:28:01;12:46:09;"51,1";"308,6";04:35:35;"77,0";365938;"76,1%";waninggibbous;;"170,9"
2025-10-12;22:34:46;13:48:33;"52,4";"308,4";05:39:18;"77,6";370417;"65,1%";waninggibbous;;"179,2"
2025-10-13;23:46:18;14:38:06;"56,3";"305,4";06:40:30;"76,0";375391;"53,6%";thirdquarter;14:12:41;"186,9"
2025-10-14;;15:16:34;;"300,3";07:37:13;"72,8";380459;"42,2%";waningcrescent;;"193,3"
2025-10-15;00:58:08;15:46:53;"62,2";"293,8";08:28:51;"68,3";385325;"31,6%";waningcrescent;;"198,2"
2025-10-16;02:07:34;16:11:47;"69,2";"286,5";09:15:56;"63,0";389804;"22,1%";waningcrescent;;"201,4"
2025-10-17;03:13:55;16:33:20;"77,0";"278,8";09:59:32;"57,1";393800;"14,1%";waningcrescent;;"203,0"
2025-10-18;04:17:39;16:53:09;"85,0";"270,9";10:40:54;"51,0";397282;"7,8%";waningcrescent;;"202,5"
2025-10-19;05:19:47;17:12:29;"93,1";"263,1";11:21:13;"44,9";400245;"3,3%";waningcrescent;;"199,2"
2025-10-20;06:21:22;17:32:30;"101,0";"255,6";12:01:36;"39,1";402684;"0,7%";waningcrescent;;"187,1"
2025-10-21;07:23:16;17:54:22;"108,4";"248,6";12:43:01;"33,6";404573;"0,1%";newmoon;08:25:06;"81,6"
2025-10-22;08:25:56;18:19:24;"115,2";"242,4";13:26:19;"28,8";405852;"1,5%";waxingcrescent;;"35,5"
2025-10-23;09:29:05;18:49:07;"121,0";"237,1";14:12:02;"24,9";406425;"4,7%";waxingcrescent;;"24,7"
2025-10-24;10:31:32;19:25:09;"125,5";"233,3";15:00:20;"22,0";406169;"9,6%";waxingcrescent;;"16,9"
2025-10-25;11:31:10;20:08:54;"128,3";"231,2";15:50:53;"20,4";404954;"16,0%";waxingcrescent;;"9,5"
2025-10-26;12:25:32;21:00:54;"129,0";"231,2";16:42:48;"20,1";402670;"23,9%";waxingcrescent;;"2,2"
2025-10-27;13:12:54;22:00:18;"127,6";"233,4";17:34:55;"21,3";399258;"32,8%";waxingcrescent;;"355,3"
2025-10-28;13:52:52;23:05:04;"124,2";"237,5";18:26:09;"23,9";394741;"42,7%";waxingcrescent;;"349,1"
2025-10-29;14:26:21;;"119,1";;19:15:53;"27,8";389248;"53,1%";firstquarter;12:20:48;"343,9"
2025-10-30;14:54:53;00:12:59;"112,4";"243,4";20:04:05;"32,9";383034;"63,7%";waxinggibbous;;"340,0"
2025-10-31;15:20:07;01:22:29;"104,7";"250,7";20:51:16;"38,9";376477;"74,0%";waxinggibbous;;"337,7"
2025-11-01;15:43:40;02:33:05;"96,2";"259,1";21:38:26;"45,7";370073;"83,4%";waxinggibbous;;"337,2"
2025-11-02;15:07:05;02:45:15;"87,1";"268,3";21:26:49;"52,9";364391;"91,3%";waxinggibbous;;"339,1"
2025-11-03;15:32:03;04:00:00;"77,8";"277,8";22:17:53;"60,0";360007;"96,9%";waxinggibbous;;"345,8"
2025-11-04;16:00:34;05:18:19;"68,9";"287,3";23:12:57;"66,7";357412;"99,7%";waxinggibbous;;"16,4"
2025-11-05;16:35:08;06:40:20;"61,0";"296,0";;;;;fullmoon;08:19:19;
2025-11-06;17:18:41;08:04:00;"55,0";"303,0";00:12:51;"72,2";356912;"99,2%";waninggibbous;;"139,1"
2025-11-07;18:13:33;09:24:14;"51,7";"307,5";01:17:08;"75,9";358556;"95,4%";waninggibbous;;"160,0"
2025-11-08;19:19:26;10:34:39;"51,8";"308,6";02:23:32;"77,4";362113;"88,7%";waninggibbous;;"171,7"
2025-11-09;20:32:19;11:31:26;"54,8";"306,6";03:28:34;"76,7";367124;"79,8%";waninggibbous;;"181,3"
2025-11-10;21:46:36;12:15:12;"60,3";"302,0";04:29:14;"74,0";373012;"69,5%";waninggibbous;;"189,1"
2025-11-11;22:58:26;12:48:57;"67,1";"295,8";05:24:09;"69,8";379207;"58,6%";waninggibbous;;"195,2"
2025-11-12;;13:15:55;;"288,6";06:13:33;"64,5";385232;"47,6%";thirdquarter;00:28:08;"199,4"
2025-11-13;00:06:28;13:38:38;"74,7";"281,0";06:58:35;"58,8";390734;"37,1%";waningcrescent;;"201,9"
2025-11-14;01:11:04;13:58:59;"82,7";"273,2";07:40:38;"52,7";395490;"27,5%";waningcrescent;;"202,9"
2025-11-15;02:13:22;14:18:24;"90,8";"265,4";08:21:02;"46,7";399392;"19,0%";waningcrescent;;"202,3"
2025-11-16;03:14:35;14:38:07;"98,6";"257,9";09:01:05;"40,8";402415;"11,9%";waningcrescent;;"200,1"
2025-11-17;04:15:51;14:59:18;"106,2";"250,8";09:41:53;"35,3";404591;"6,4%";waningcrescent;;"195,6"
2025-11-18;05:17:52;15:23:16;"113,1";"244,3";10:24:22;"30,3";405976;"2,5%";waningcrescent;;"186,8"
2025-11-19;06:20:42;15:51:29;"119,2";"238,8";11:09:13;"26,1";406627;"0,5%";waningcrescent;;"161,4"
2025-11-20;07:23:26;16:25:34;"124,1";"234,5";11:56:47;"22,9";406579;"0,3%";newmoon;01:47:14;"58,3"
2025-11-21;08:24:10;17:07:02;"127,4";"231,9";12:46:48;"20,9";405835;"2,1%";waxingcrescent;;"23,5"
2025-11-22;09:20:22;17:56:37;"128,8";"231,2";13:38:28;"20,2";404366;"5,7%";waxingcrescent;;"10,4"
2025-11-23;10:09:50;18:53:44;"128,0";"232,7";14:30:30;"20,9";402123;"11,1%";waxingcrescent;;"1,0"
2025-11-24;10:51:45;19:56:26;"125,2";"236,3";15:21:39;"23,1";399054;"18,1%";waxingcrescent;;"353,4"
2025-11-25;11:26:41;21:02:17;"120,7";"241,5";16:11:05;"26,6";395135;"26,5%";waxingcrescent;;"347,2"
2025-11-26;11:56:03;22:09:27;"114,7";"248,2";16:58:33;"31,2";390396;"36,1%";waxingcrescent;;"342,4"
2025-11-27;12:21:32;23:17:12;"107,5";"256,0";17:44:30;"36,7";384949;"46,5%";waxingcrescent;;"339,1"
2025-11-28;12:44:43;;"99,6";;18:29:46;"43,0";379017;"57,5%";firstquarter;01:58:47;"337,3"
2025-11-29;13:07:09;00:25:49;"91,0";"264,5";19:15:35;"49,7";372940;"68,4%";waxinggibbous;;"337,1"
2025-11-30;13:30:22;01:36:19;"82,1";"273,5";20:03:24;"56,6";367174;"78,7%";waxinggibbous;;"338,8"
2025-12-01;13:56:07;02:50:00;"73,3";"282,7";20:54:45;"63,4";362252;"87,8%";waxinggibbous;;"343,0"
2025-12-02;14:26:41;04:07:55;"65,0";"291,6";21:51:01;"69,4";358723;"94,7%";waxinggibbous;;"351,1"
2025-12-03;15:04:56;05:29:44;"58,0";"299,5";22:52:50;"74,1";357053;"98,8%";waxinggibbous;;"10,1"
2025-12-04;15:54:04;06:52:21;"53,2";"305,4";23:59:08;"76,8";357517;"99,7%";fullmoon;18:14:04;"118,4"
2025-12-05;16:55:50;08:09:34;"51,5";"308,3";;;;;waninggibbous;;
2025-12-06;18:08:09;09:15:03;"53,2";"307,7";01:06:52;"77,2";360111;"97,3%";waninggibbous;;"167,1"
2025-12-07;19:25:13;10:06:29;"57,9";"304,1";02:12:03;"75,3";364540;"92,0%";waninggibbous;;"181,6"
2025-12-08;20:41:13;10:45:49;"64,4";"298,3";03:11:51;"71,6";370292;"84,3%";waninggibbous;;"190,6"
2025-12-09;21:53:14;11:16:26;"72,1";"291,2";04:05:30;"66,5";376758;"75,0%";waninggibbous;;"196,7"
2025-12-10;23:00:51;11:41:26;"80,1";"283,5";04:53:41;"60,8";383350;"64,9%";waninggibbous;;"200,6"
2025-12-11;;12:03:06;;"275,6";05:37:50;"54,7";389564;"54,4%";thirdquarter;15:51:45;"202,7"
2025-12-12;00:05:02;12:23:08;"88,3";"267,7";06:19:26;"48,5";395025;"44,1%";waningcrescent;;"203,3"
2025-12-13;01:07:10;12:42:54;"96,3";"260,1";06:59:55;"42,5";399486;"34,4%";waningcrescent;;"202,4"
2025-12-14;02:08:34;13:03:40;"104,0";"252,8";07:40:33;"36,9";402823;"25,4%";waningcrescent;;"200,2"
2025-12-15;03:10:15;13:26:42;"111,1";"246,2";08:22:25;"31,7";405018;"17,4%";waningcrescent;;"196,6"
2025-12-16;04:12:40;13:53:30;"117,5";"240,4";09:06:25;"27,3";406130;"10,8%";waningcrescent;;"191,2"
2025-12-17;05:15:25;14:25:41;"122,7";"235,7";09:53:06;"23,8";406268;"5,6%";waningcrescent;;"183,4"
2025-12-18;06:16:58;15:04:56;"126,5";"232,5";10:42:30;"21,4";405568;"2,0%";waningcrescent;;"170,8"
2025-12-19;07:14:56;15:52:23;"128,5";"231,3";11:33:59;"20,3";404163;"0,3%";newmoon;20:43:20;"133,6"
2025-12-20;08:06:49;16:47:52;"128,4";"232,2";12:26:24;"20,6";402167;"0,6%";waxingcrescent;;"29,2"
2025-12-21;08:51:13;17:49:40;"126,1";"235,2";13:18:18;"22,4";399657;"2,8%";waxingcrescent;;"3,3"
2025-12-22;09:28:12;18:55:10;"122,0";"240,0";14:08:31;"25,6";396676;"7,0%";waxingcrescent;;"352,3"
2025-12-23;09:59:01;20:02:02;"116,3";"246,3";14:56:33;"29,9";393238;"13,1%";waxingcrescent;;"345,4"
2025-12-24;10:25:16;21:09:00;"109,5";"253,8";15:42:31;"35,1";389349;"20,9%";waxingcrescent;;"340,6"
2025-12-25;10:48:36;22:15:58;"101,9";"261,9";16:27:06;"41,1";385039;"30,2%";waxingcrescent;;"337,7"
2025-12-26;11:10:32;23:23:42;"93,7";"270,6";17:11:23;"47,5";380386;"40,7%";waxingcrescent;;"336,4"
2025-12-27;11:32:30;;"85,1";;17:56:40;"54,2";375553;"51,9%";firstquarter;14:09:51;"336,8"
2025-12-28;11:56:04;00:33:27;"76,6";"279,4";18:44:27;"60,8";370797;"63,3%";waxinggibbous;;"338,9"
2025-12-29;12:23:09;01:46:29;"68,3";"288,2";19:36:16;"66,9";366478;"74,3%";waxinggibbous;;"343,0"
2025-12-30;12:56:13;03:03:28;"61,0";"296,2";20:33:18;"72,1";363023;"84,2%";waxinggibbous;;"349,3"
2025-12-31;13:38:24;04:23:16;"55,2";"302,9";21:35:46;"75,7";360875;"92,1%";waxinggibbous;;"358,4"
