Date;Twi18Begin;Twi18End;Twi12Begin;Twi12End;Twi6Begin;Twi6End;Rise;Set;RiseAzimuth;SetAzimuth;Twi18Duration;Twi12Duration;Twi6Duration;DayLength;DayLengthDiff;Meridian;Altitude;Distance
2025-01-01;05:41:45;18:18:01;06:14:59;17:44:47;06:49:19;17:10:27;07:20:05;16:39:40;"120,1";"239,9";01:06:28;01:08:39;01:01:33;09:19:35;+00:00:44;11:59:49;"26,4";147106000
2025-01-02;05:41:56;18:18:48;06:15:08;17:45:35;06:49:26;17:11:17;07:20:10;16:40:32;"120,0";"240,0";01:06:25;01:08:35;01:01:29;09:20:22;+00:00:47;12:00:17;"26,5";147105000
2025-01-03;05:42:04;18:19:35;06:15:15;17:46:24;06:49:31;17:12:08;07:20:13;16:41:26;"119,9";"240,2";01:06:22;01:08:31;01:01:24;09:21:12;+00:00:50;12:00:44;"26,6";147104000
2025-01-04;05:42:10;18:20:24;06:15:20;17:47:14;06:49:33;17:13:00;07:20:13;16:42:21;"119,7";"240,3";01:06:19;01:08:27;01:01:19;09:22:07;+00:00:55;12:01:11;"26,7";147104000
2025-01-05;05:42:15;18:21:14;06:15:23;17:48:06;06:49:34;17:13:54;07:20:11;16:43:17;"119,6";"240,5";01:06:16;01:08:22;01:01:14;09:23:05;+00:00:58;12:01:38;"26,8";147104000
2025-01-06;05:42:17;18:22:05;06:15:24;17:48:58;06:49:32;17:14:49;07:20:07;16:44:14;"119,4";"240,7";01:06:12;01:08:18;01:01:08;09:24:07;+00:01:02;12:02:04;"26,9";147105000
2025-01-07;05:42:18;18:22:56;06:15:22;17:49:51;06:49:29;17:15:45;07:20:00;16:45:13;"119,2";"240,9";01:06:09;01:08:13;01:01:03;09:25:13;+00:01:06;12:02:30;"27,0";147107000
2025-01-08;05:42:17;18:23:49;06:15:19;17:50:46;06:49:23;17:16:42;07:19:51;16:46:13;"119,0";"241,1";01:06:05;01:08:07;01:00:57;09:26:21;+00:01:08;12:02:55;"27,2";147110000
2025-01-09;05:42:13;18:24:42;06:15:14;17:51:41;06:49:15;17:17:40;07:19:40;16:47:14;"118,8";"241,3";01:06:01;01:08:02;01:00:50;09:27:34;+00:01:13;12:03:20;"27,3";147113000
2025-01-10;05:42:08;18:25:37;06:15:06;17:52:38;06:49:05;17:18:39;07:19:27;16:48:17;"118,6";"241,5";01:05:57;01:07:56;01:00:44;09:28:50;+00:01:16;12:03:44;"27,5";147118000
2025-01-11;05:42:01;18:26:32;06:14:57;17:53:35;06:48:52;17:19:39;07:19:11;16:49:20;"118,4";"241,7";01:05:53;01:07:51;01:00:37;09:30:09;+00:01:19;12:04:08;"27,6";147123000
2025-01-12;05:41:51;18:27:27;06:14:46;17:54:33;06:48:38;17:20:40;07:18:53;16:50:25;"118,2";"241,9";01:05:49;01:07:45;01:00:30;09:31:31;+00:01:22;12:04:31;"27,8";147129000
2025-01-13;05:41:40;18:28:24;06:14:32;17:55:31;06:48:21;17:21:42;07:18:33;16:51:30;"117,9";"242,2";01:05:44;01:07:38;01:00:23;09:32:56;+00:01:25;12:04:53;"28,0";147137000
2025-01-14;05:41:27;18:29:21;06:14:17;17:56:31;06:48:03;17:22:44;07:18:11;16:52:36;"117,7";"242,4";01:05:40;01:07:32;01:00:16;09:34:25;+00:01:29;12:05:14;"28,1";147145000
2025-01-15;05:41:12;18:30:19;06:13:59;17:57:31;06:47:42;17:23:48;07:17:46;16:53:43;"117,4";"242,7";01:05:35;01:07:26;01:00:08;09:35:56;+00:01:31;12:05:35;"28,3";147154000
2025-01-16;05:40:54;18:31:17;06:13:40;17:58:32;06:47:19;17:24:52;07:17:20;16:54:51;"117,2";"242,9";01:05:30;01:07:19;01:00:00;09:37:31;+00:01:35;12:05:56;"28,5";147164000
2025-01-17;05:40:35;18:32:16;06:13:18;17:59:33;06:46:54;17:25:56;07:16:51;16:56:00;"116,9";"243,2";01:05:26;01:07:13;00:59:53;09:39:08;+00:01:37;12:06:15;"28,7";147175000
2025-01-18;05:40:14;18:33:16;06:12:54;18:00:35;06:46:27;17:27:02;07:16:20;16:57:09;"116,6";"243,5";01:05:21;01:07:06;00:59:45;09:40:49;+00:01:41;12:06:34;"28,9";147187000
2025-01-19;05:39:51;18:34:16;06:12:29;18:01:38;06:45:58;17:28:08;07:15:47;16:58:19;"116,3";"243,8";01:05:16;01:06:59;00:59:37;09:42:32;+00:01:43;12:06:52;"29,1";147200000
2025-01-20;05:39:26;18:35:17;06:12:01;18:02:41;06:45:27;17:29:14;07:15:12;16:59:29;"116,0";"244,1";01:05:11;01:06:52;00:59:29;09:44:17;+00:01:45;12:07:10;"29,4";147213000
2025-01-21;05:38:59;18:36:18;06:11:32;18:03:44;06:44:54;17:30:21;07:14:35;17:00:40;"115,7";"244,4";01:05:06;01:06:45;00:59:20;09:46:05;+00:01:48;12:07:26;"29,6";147228000
2025-01-22;05:38:30;18:37:19;06:11:00;18:04:48;06:44:19;17:31:29;07:13:55;17:01:52;"115,4";"244,7";01:05:01;01:06:38;00:59:12;09:47:56;+00:01:51;12:07:42;"29,8";147243000
2025-01-23;05:37:59;18:38:21;06:10:27;18:05:52;06:43:42;17:32:36;07:13:14;17:03:04;"115,1";"245,1";01:04:56;01:06:31;00:59:04;09:49:49;+00:01:53;12:07:58;"30,0";147258000
2025-01-24;05:37:26;18:39:24;06:09:52;18:06:57;06:43:04;17:33:45;07:12:31;17:04:17;"114,7";"245,4";01:04:52;01:06:24;00:58:55;09:51:45;+00:01:56;12:08:12;"30,3";147275000
2025-01-25;05:36:52;18:40:26;06:09:15;18:08:02;06:42:23;17:34:53;07:11:46;17:05:30;"114,4";"245,7";01:04:47;01:06:17;00:58:47;09:53:43;+00:01:58;12:08:26;"30,5";147292000
2025-01-26;05:36:15;18:41:30;06:08:36;18:09:08;06:41:40;17:36:02;07:10:59;17:06:43;"114,1";"246,1";01:04:42;01:06:09;00:58:38;09:55:43;+00:02:00;12:08:38;"30,8";147309000
2025-01-27;05:35:36;18:42:33;06:07:55;18:10:13;06:40:55;17:37:12;07:10:10;17:07:56;"113,7";"246,4";01:04:37;01:06:02;00:58:30;09:57:45;+00:02:02;12:08:51;"31,1";147327000
2025-01-28;05:34:56;18:43:36;06:07:12;18:11:19;06:40:09;17:38:21;07:09:20;17:09:10;"113,3";"246,8";01:04:32;01:05:55;00:58:21;09:59:50;+00:02:05;12:09:02;"31,3";147346000
2025-01-29;05:34:14;18:44:40;06:06:27;18:12:26;06:39:21;17:39:31;07:08:27;17:10:24;"113,0";"247,2";01:04:28;01:05:48;00:58:13;10:01:56;+00:02:06;12:09:12;"31,6";147365000
2025-01-30;05:33:29;18:45:44;06:05:41;18:13:32;06:38:31;17:40:41;07:07:33;17:11:38;"112,6";"247,6";01:04:23;01:05:41;00:58:05;10:04:04;+00:02:08;12:09:22;"31,9";147384000
2025-01-31;05:32:43;18:46:49;06:04:52;18:14:38;06:37:39;17:41:51;07:06:37;17:12:52;"112,2";"247,9";01:04:19;01:05:34;00:57:56;10:06:14;+00:02:10;12:09:31;"32,1";147404000
2025-02-01;05:31:56;18:47:53;06:04:02;18:15:45;06:36:45;17:43:01;07:05:39;17:14:06;"111,8";"248,3";01:04:14;01:05:27;00:57:48;10:08:26;+00:02:12;12:09:39;"32,4";147425000
2025-02-02;05:31:06;18:48:58;06:03:10;18:16:52;06:35:50;17:44:11;07:04:40;17:15:20;"111,4";"248,7";01:04:10;01:05:20;00:57:40;10:10:40;+00:02:14;12:09:46;"32,7";147446000
2025-02-03;05:30:14;18:50:02;06:02:17;18:17:59;06:34:53;17:45:21;07:03:39;17:16:34;"111,0";"249,1";01:04:06;01:05:14;00:57:32;10:12:55;+00:02:15;12:09:52;"33,0";147467000
2025-02-04;05:29:21;18:51:07;06:01:21;18:19:05;06:33:54;17:46:31;07:02:36;17:17:49;"110,6";"249,5";01:04:01;01:05:07;00:57:23;10:15:12;+00:02:17;12:09:58;"33,3";147489000
2025-02-05;05:28:26;18:52:12;06:00:24;18:20:12;06:32:54;17:47:41;07:01:32;17:19:03;"110,2";"249,9";01:03:58;01:05:01;00:57:15;10:17:30;+00:02:18;12:10:02;"33,6";147512000
2025-02-06;05:27:29;18:53:17;05:59:26;18:21:19;06:31:52;17:48:51;07:00:26;17:20:17;"109,8";"250,4";01:03:54;01:04:54;00:57:08;10:19:50;+00:02:20;12:10:06;"33,9";147535000
2025-02-07;05:26:31;18:54:22;05:58:25;18:22:26;06:30:49;17:50:01;06:59:18;17:21:30;"109,4";"250,8";01:03:50;01:04:48;00:57:00;10:22:11;+00:02:21;12:10:09;"34,2";147559000
2025-02-08;05:25:31;18:55:27;05:57:23;18:23:33;06:29:44;17:51:11;06:58:10;17:22:44;"109,0";"251,2";01:03:47;01:04:42;00:56:52;10:24:34;+00:02:23;12:10:11;"34,6";147584000
2025-02-09;05:24:29;18:56:33;05:56:20;18:24:40;06:28:37;17:52:21;06:56:59;17:23:58;"108,5";"251,7";01:03:43;01:04:36;00:56:45;10:26:58;+00:02:24;12:10:13;"34,9";147609000
2025-02-10;05:23:25;18:57:38;05:55:15;18:25:47;06:27:29;17:53:30;06:55:48;17:25:11;"108,1";"252,1";01:03:40;01:04:30;00:56:37;10:29:23;+00:02:25;12:10:13;"35,2";147635000
2025-02-11;05:22:20;18:58:43;05:54:08;18:26:53;06:26:20;17:54:40;06:54:34;17:26:24;"107,7";"252,5";01:03:37;01:04:25;00:56:30;10:31:49;+00:02:26;12:10:13;"35,5";147662000
2025-02-12;05:21:14;18:59:49;05:53:00;18:28:00;06:25:09;17:55:49;06:53:20;17:27:37;"107,2";"253,0";01:03:34;01:04:19;00:56:23;10:34:16;+00:02:27;12:10:12;"35,9";147690000
2025-02-13;05:20:05;19:00:54;05:51:50;18:29:07;06:23:57;17:56:59;06:52:04;17:28:50;"106,8";"253,4";01:03:32;01:04:14;00:56:16;10:36:45;+00:02:29;12:10:11;"36,2";147719000
2025-02-14;05:18:56;19:02:00;05:50:39;18:30:13;06:22:43;17:58:08;06:50:47;17:30:02;"106,3";"253,9";01:03:30;01:04:09;00:56:09;10:39:14;+00:02:29;12:10:08;"36,5";147748000
2025-02-15;05:17:44;19:03:05;05:49:27;18:31:20;06:21:28;17:59:17;06:49:29;17:31:14;"105,8";"254,4";01:03:28;01:04:04;00:56:03;10:41:45;+00:02:31;12:10:05;"36,9";147778000
2025-02-16;05:16:31;19:04:11;05:48:13;18:32:27;06:20:12;18:00:26;06:48:10;17:32:26;"105,4";"254,8";01:03:26;01:04:00;00:55:56;10:44:16;+00:02:31;12:10:01;"37,2";147809000
2025-02-17;05:15:17;19:05:17;05:46:58;18:33:33;06:18:55;18:01:34;06:46:50;17:33:38;"104,9";"255,3";01:03:24;01:03:55;00:55:50;10:46:48;+00:02:32;12:09:57;"37,6";147840000
2025-02-18;05:14:02;19:06:23;05:45:42;18:34:40;06:17:36;18:02:43;06:45:28;17:34:50;"104,4";"255,8";01:03:23;01:03:51;00:55:44;10:49:21;+00:02:33;12:09:52;"37,9";147872000
2025-02-19;05:12:44;19:07:29;05:44:24;18:35:46;06:16:17;18:03:51;06:44:05;17:36:01;"104,0";"256,3";01:03:22;01:03:47;00:55:38;10:51:55;+00:02:34;12:09:46;"38,3";147905000
2025-02-20;05:11:26;19:08:35;05:43:05;18:36:53;06:14:56;18:05:00;06:42:42;17:37:12;"103,5";"256,7";01:03:21;01:03:43;00:55:33;10:54:30;+00:02:35;12:09:39;"38,7";147938000
2025-02-21;05:10:06;19:09:41;05:41:45;18:37:59;06:13:34;18:06:08;06:41:17;17:38:23;"103,0";"257,2";01:03:20;01:03:40;00:55:28;10:57:05;+00:02:35;12:09:32;"39,0";147971000
2025-02-22;05:08:45;19:10:47;05:40:24;18:39:05;06:12:11;18:07:16;06:39:51;17:39:33;"102,5";"257,7";01:03:20;01:03:37;00:55:22;10:59:41;+00:02:36;12:09:25;"39,4";148006000
2025-02-23;05:07:22;19:11:54;05:39:01;18:40:12;06:10:47;18:08:23;06:38:25;17:40:43;"102,0";"258,2";01:03:20;01:03:34;00:55:18;11:02:18;+00:02:37;12:09:16;"39,8";148040000
2025-02-24;05:05:59;19:13:00;05:37:37;18:41:18;06:09:22;18:09:31;06:36:57;17:41:53;"101,5";"258,7";01:03:20;01:03:31;00:55:13;11:04:55;+00:02:37;12:09:07;"40,1";148075000
2025-02-25;05:04:34;19:14:07;05:36:13;18:42:24;06:07:56;18:10:38;06:35:29;17:43:03;"101,0";"259,2";01:03:21;01:03:29;00:55:08;11:07:33;+00:02:38;12:08:58;"40,5";148110000
2025-02-26;05:03:07;19:15:13;05:34:47;18:43:31;06:06:29;18:11:46;06:34:00;17:44:12;"100,5";"259,7";01:03:22;01:03:26;00:55:04;11:10:12;+00:02:39;12:08:48;"40,9";148145000
2025-02-27;05:01:40;19:16:20;05:33:20;18:44:37;06:05:01;18:12:53;06:32:30;17:45:21;"100,1";"260,2";01:03:23;01:03:25;00:55:00;11:12:51;+00:02:39;12:08:37;"41,2";148181000
2025-02-28;05:00:11;19:17:27;05:31:52;18:45:43;06:03:32;18:14:00;06:30:59;17:46:30;"99,5";"260,7";01:03:24;01:03:23;00:54:56;11:15:30;+00:02:39;12:08:26;"41,6";148217000
2025-03-01;04:58:42;19:18:34;05:30:23;18:46:49;06:02:02;18:15:06;06:29:28;17:47:38;"99,0";"261,2";01:03:26;01:03:22;00:54:53;11:18:10;+00:02:40;12:08:14;"42,0";148253000
2025-03-02;04:57:11;19:19:41;05:28:53;18:47:55;06:00:32;18:16:13;06:27:56;17:48:47;"98,5";"261,7";01:03:28;01:03:21;00:54:50;11:20:50;+00:02:40;12:08:02;"42,4";148289000
2025-03-03;04:55:39;19:20:49;05:27:22;18:49:01;05:59:01;18:17:19;06:26:23;17:49:54;"98,0";"262,2";01:03:30;01:03:20;00:54:47;11:23:31;+00:02:41;12:07:50;"42,8";148325000
2025-03-04;04:54:06;19:21:56;05:25:50;18:50:07;05:57:29;18:18:25;06:24:50;17:51:02;"97,5";"262,7";01:03:33;01:03:20;00:54:44;11:26:12;+00:02:41;12:07:37;"43,2";148362000
2025-03-05;04:52:32;19:23:04;05:24:18;18:51:13;05:55:56;18:19:31;06:23:16;17:52:09;"97,0";"263,2";01:03:36;01:03:20;00:54:41;11:28:53;+00:02:41;12:07:23;"43,5";148398000
2025-03-06;04:50:56;19:24:11;05:22:44;18:52:19;05:54:23;18:20:37;06:21:41;17:53:16;"96,5";"263,7";01:03:40;01:03:20;00:54:39;11:31:34;+00:02:41;12:07:09;"43,9";148435000
2025-03-07;04:49:20;19:25:19;05:21:10;18:53:25;05:52:48;18:21:43;06:20:06;17:54:23;"96,0";"264,3";01:03:44;01:03:20;00:54:37;11:34:16;+00:02:42;12:06:55;"44,3";148473000
2025-03-08;04:47:43;19:26:28;05:19:35;18:54:31;05:51:14;18:22:48;06:18:30;17:55:29;"95,5";"264,8";01:03:48;01:03:21;00:54:35;11:36:58;+00:02:42;12:06:40;"44,7";148511000
2025-03-09;05:46:05;20:27:36;06:17:59;19:55:37;06:49:38;19:23:53;07:16:54;18:56:35;"95,0";"265,3";01:03:52;01:03:22;00:54:34;11:39:40;+00:02:42;13:06:25;"45,1";148549000
2025-03-10;05:44:26;20:28:44;06:16:22;19:56:43;06:48:02;19:24:59;07:15:18;18:57:41;"94,4";"265,8";01:03:57;01:03:24;00:54:33;11:42:23;+00:02:43;13:06:09;"45,5";148588000
2025-03-11;05:42:46;20:29:53;06:14:45;19:57:49;06:46:26;19:26:04;07:13:41;18:58:46;"93,9";"266,3";01:04:03;01:03:26;00:54:32;11:45:05;+00:02:42;13:05:54;"45,9";148627000
2025-03-12;05:41:05;20:31:02;06:13:07;19:58:55;06:44:49;19:27:09;07:12:03;18:59:51;"93,4";"266,9";01:04:08;01:03:28;00:54:31;11:47:48;+00:02:43;13:05:37;"46,3";148666000
2025-03-13;05:39:23;20:32:11;06:11:28;20:00:01;06:43:11;19:28:14;07:10:25;19:00:56;"92,9";"267,4";01:04:15;01:03:30;00:54:31;11:50:30;+00:02:42;13:05:21;"46,7";148706000
2025-03-14;05:37:41;20:33:21;06:09:49;20:01:07;06:41:33;19:29:18;07:08:47;19:02:01;"92,4";"267,9";01:04:21;01:03:33;00:54:31;11:53:13;+00:02:43;13:05:04;"47,1";148747000
2025-03-15;05:35:58;20:34:31;06:08:09;20:02:14;06:39:55;19:30:23;07:07:09;19:03:06;"91,8";"268,4";01:04:28;01:03:36;00:54:31;11:55:56;+00:02:43;13:04:47;"47,5";148787000
2025-03-16;05:34:14;20:35:41;06:06:29;20:03:20;06:38:16;19:31:28;07:05:31;19:04:10;"91,3";"268,9";01:04:35;01:03:40;00:54:31;11:58:39;+00:02:43;13:04:30;"47,9";148829000
2025-03-17;05:32:29;20:36:52;06:04:48;20:04:27;06:36:37;19:32:33;07:03:52;19:05:15;"90,8";"269,5";01:04:43;01:03:44;00:54:32;12:01:22;+00:02:43;13:04:13;"48,2";148870000
2025-03-18;05:30:44;20:38:03;06:03:06;20:05:34;06:34:58;19:33:37;07:02:13;19:06:19;"90,3";"270,0";01:04:51;01:03:48;00:54:33;12:04:05;+00:02:43;13:03:55;"48,6";148912000
2025-03-19;05:28:58;20:39:14;06:01:24;20:06:41;06:33:18;19:34:42;07:00:34;19:07:23;"89,8";"270,5";01:04:59;01:03:52;00:54:34;12:06:48;+00:02:43;13:03:38;"49,0";148955000
2025-03-20;05:27:11;20:40:26;05:59:42;20:07:48;06:31:38;19:35:46;06:58:54;19:08:27;"89,2";"271,0";01:05:08;01:03:57;00:54:36;12:09:32;+00:02:44;13:03:20;"49,4";148997000
2025-03-21;05:25:23;20:41:38;05:57:59;20:08:55;06:29:58;19:36:51;06:57:15;19:09:30;"88,7";"271,5";01:05:18;01:04:02;00:54:38;12:12:15;+00:02:43;13:03:02;"49,8";149040000
2025-03-22;05:23:36;20:42:50;05:56:16;20:10:03;06:28:18;19:37:56;06:55:36;19:10:34;"88,2";"272,1";01:05:28;01:04:08;00:54:40;12:14:58;+00:02:43;13:02:44;"50,2";149083000
2025-03-23;05:21:47;20:44:03;05:54:33;20:11:10;06:26:37;19:39:01;06:53:56;19:11:37;"87,7";"272,6";01:05:38;01:04:14;00:54:42;12:17:40;+00:02:42;13:02:26;"50,6";149126000
2025-03-24;05:19:58;20:45:17;05:52:49;20:12:18;06:24:56;19:40:05;06:52:17;19:12:41;"87,2";"273,1";01:05:48;01:04:20;00:54:45;12:20:23;+00:02:43;13:02:08;"51,0";149169000
2025-03-25;05:18:09;20:46:31;05:51:05;20:13:27;06:23:16;19:41:10;06:50:38;19:13:44;"86,6";"273,6";01:06:00;01:04:27;00:54:48;12:23:06;+00:02:43;13:01:50;"51,4";149212000
2025-03-26;05:16:19;20:47:45;05:49:21;20:14:35;06:21:35;19:42:15;06:48:58;19:14:47;"86,1";"274,1";01:06:11;01:04:34;00:54:51;12:25:49;+00:02:43;13:01:32;"51,8";149256000
2025-03-27;05:14:28;20:49:00;05:47:36;20:15:44;06:19:54;19:43:20;06:47:19;19:15:51;"85,6";"274,7";01:06:23;01:04:41;00:54:54;12:28:31;+00:02:42;13:01:14;"52,2";149299000
2025-03-28;05:12:37;20:50:15;05:45:51;20:16:53;06:18:13;19:44:25;06:45:40;19:16:54;"85,1";"275,2";01:06:36;01:04:49;00:54:58;12:31:13;+00:02:42;13:00:56;"52,6";149342000
2025-03-29;05:10:46;20:51:31;05:44:06;20:18:02;06:16:32;19:45:30;06:44:01;19:17:57;"84,6";"275,7";01:06:49;01:04:57;00:55:02;12:33:55;+00:02:42;13:00:38;"53,0";149385000
2025-03-30;05:08:54;20:52:47;05:42:21;20:19:12;06:14:51;19:46:36;06:42:22;19:19:00;"84,1";"276,2";01:07:02;01:05:05;00:55:06;12:36:37;+00:02:42;13:00:20;"53,4";149427000
2025-03-31;05:07:02;20:54:04;05:40:36;20:20:21;06:13:10;19:47:41;06:40:44;19:20:03;"83,6";"276,7";01:07:16;01:05:14;00:55:11;12:39:19;+00:02:42;13:00:02;"53,7";149470000
2025-04-01;05:05:10;20:55:21;05:38:51;20:21:32;06:11:30;19:48:46;06:39:06;19:21:06;"83,0";"277,2";01:07:30;01:05:23;00:55:16;12:42:00;+00:02:41;12:59:44;"54,1";149512000
2025-04-02;05:03:17;20:56:39;05:37:06;20:22:42;06:09:49;19:49:52;06:37:27;19:22:09;"82,5";"277,7";01:07:45;01:05:33;00:55:21;12:44:41;+00:02:41;12:59:27;"54,5";149554000
2025-04-03;05:01:25;20:57:58;05:35:20;20:23:52;06:08:09;19:50:57;06:35:50;19:23:12;"82,0";"278,2";01:08:01;01:05:43;00:55:26;12:47:21;+00:02:40;12:59:09;"54,9";149596000
2025-04-04;04:59:31;20:59:17;05:33:35;20:25:03;06:06:28;19:52:03;06:34:12;19:24:14;"81,5";"278,8";01:08:17;01:05:53;00:55:32;12:50:02;+00:02:41;12:58:52;"55,3";149638000
2025-04-05;04:57:38;21:00:36;05:31:50;20:26:14;06:04:48;19:53:09;06:32:35;19:25:17;"81,0";"279,3";01:08:33;01:06:04;00:55:38;12:52:42;+00:02:40;12:58:35;"55,7";149679000
2025-04-06;04:55:45;21:01:56;05:30:05;20:27:26;06:03:09;19:54:15;06:30:58;19:26:20;"80,5";"279,8";01:08:50;01:06:15;00:55:44;12:55:21;+00:02:39;12:58:18;"56,0";149721000
2025-04-07;04:53:51;21:03:16;05:28:20;20:28:38;06:01:29;19:55:21;06:29:22;19:27:23;"80,0";"280,3";01:09:07;01:06:26;00:55:50;12:58:00;+00:02:39;12:58:01;"56,4";149763000
2025-04-08;04:51:57;21:04:37;05:26:35;20:29:49;05:59:50;19:56:27;06:27:46;19:28:25;"79,5";"280,8";01:09:25;01:06:38;00:55:57;13:00:39;+00:02:39;12:57:44;"56,8";149805000
2025-04-09;04:50:03;21:05:59;05:24:50;20:31:02;05:58:11;19:57:33;06:26:11;19:29:28;"79,0";"281,2";01:09:43;01:06:50;00:56:04;13:03:17;+00:02:38;12:57:28;"57,2";149847000
2025-04-10;04:48:09;21:07:21;05:23:05;20:32:14;05:56:33;19:58:39;06:24:36;19:30:31;"78,5";"281,7";01:10:02;01:07:02;00:56:11;13:05:54;+00:02:37;12:57:12;"57,5";149889000
2025-04-11;04:46:15;21:08:44;05:21:21;20:33:27;05:54:55;19:59:46;06:23:02;19:31:33;"78,0";"282,2";01:10:22;01:07:15;00:56:19;13:08:31;+00:02:37;12:56:56;"57,9";149931000
2025-04-12;04:44:22;21:10:07;05:19:37;20:34:41;05:53:17;20:00:52;06:21:28;19:32:36;"77,6";"282,7";01:10:42;01:07:28;00:56:26;13:11:08;+00:02:37;12:56:41;"58,3";149973000
2025-04-13;04:42:28;21:11:31;05:17:53;20:35:54;05:51:40;20:01:59;06:19:55;19:33:39;"77,1";"283,2";01:11:02;01:07:42;00:56:34;13:13:44;+00:02:36;12:56:25;"58,6";150015000
2025-04-14;04:40:34;21:12:56;05:16:10;20:37:08;05:50:04;20:03:06;06:18:22;19:34:42;"76,6";"283,7";01:11:23;01:07:55;00:56:42;13:16:19;+00:02:35;12:56:11;"59,0";150058000
2025-04-15;04:38:40;21:14:21;05:14:27;20:38:22;05:48:28;20:04:13;06:16:50;19:35:44;"76,1";"284,2";01:11:44;01:08:10;00:56:51;13:18:54;+00:02:35;12:55:56;"59,3";150100000
2025-04-16;04:36:47;21:15:46;05:12:44;20:39:37;05:46:52;20:05:20;06:15:19;19:36:47;"75,6";"284,6";01:12:07;01:08:24;00:56:59;13:21:28;+00:02:34;12:55:42;"59,7";150142000
2025-04-17;04:34:53;21:17:12;05:11:02;20:40:51;05:45:17;20:06:27;06:13:49;19:37:50;"75,2";"285,1";01:12:29;01:08:39;00:57:08;13:24:01;+00:02:33;12:55:28;"60,0";150184000
2025-04-18;04:33:00;21:18:39;05:09:20;20:42:07;05:43:43;20:07:35;06:12:19;19:38:53;"74,7";"285,6";01:12:52;01:08:54;00:57:17;13:26:33;+00:02:32;12:55:15;"60,4";150227000
2025-04-19;04:31:07;21:20:06;05:07:39;20:43:22;05:42:10;20:08:42;06:10:50;19:39:56;"74,2";"286,0";01:13:16;01:09:10;00:57:27;13:29:05;+00:02:32;12:55:02;"60,7";150269000
2025-04-20;04:29:15;21:21:34;05:05:58;20:44:38;05:40:37;20:09:50;06:09:22;19:40:59;"73,8";"286,5";01:13:40;01:09:25;00:57:36;13:31:36;+00:02:31;12:54:49;"61,1";150311000
2025-04-21;04:27:22;21:23:03;05:04:18;20:45:54;05:39:05;20:10:58;06:07:55;19:42:02;"73,3";"286,9";01:14:05;01:09:42;00:57:46;13:34:06;+00:02:30;12:54:37;"61,4";150352000
2025-04-22;04:25:31;21:24:32;05:02:39;20:47:10;05:37:34;20:12:06;06:06:29;19:43:05;"72,9";"287,4";01:14:30;01:09:58;00:57:56;13:36:36;+00:02:30;12:54:26;"61,7";150394000
2025-04-23;04:23:39;21:26:01;05:01:00;20:48:26;05:36:03;20:13:14;06:05:03;19:44:08;"72,4";"287,8";01:14:55;01:10:15;00:58:06;13:39:04;+00:02:28;12:54:15;"62,1";150435000
2025-04-24;04:21:48;21:27:31;04:59:22;20:49:43;05:34:34;20:14:22;06:03:39;19:45:11;"72,0";"288,3";01:15:22;01:10:32;00:58:16;13:41:31;+00:02:27;12:54:04;"62,4";150476000
2025-04-25;04:19:58;21:29:02;04:57:45;20:51:00;05:33:05;20:15:30;06:02:16;19:46:14;"71,5";"288,7";01:15:49;01:10:49;00:58:27;13:43:58;+00:02:27;12:53:54;"62,7";150516000
2025-04-26;04:18:08;21:30:33;04:56:09;20:52:17;05:31:38;20:16:39;06:00:53;19:47:17;"71,1";"289,2";01:16:16;01:11:07;00:58:37;13:46:23;+00:02:25;12:53:44;"63,1";150556000
2025-04-27;04:16:18;21:32:04;04:54:33;20:53:35;05:30:11;20:17:47;05:59:32;19:48:20;"70,7";"289,6";01:16:44;01:11:25;00:58:48;13:48:47;+00:02:24;12:53:35;"63,4";150595000
2025-04-28;04:14:30;21:33:36;04:52:58;20:54:52;05:28:45;20:18:55;05:58:12;19:49:22;"70,2";"290,0";01:17:12;01:11:43;00:58:59;13:51:10;+00:02:23;12:53:27;"63,7";150634000
2025-04-29;04:12:41;21:35:08;04:51:24;20:56:10;05:27:21;20:20:04;05:56:53;19:50:25;"69,8";"290,4";01:17:41;01:12:02;00:59:10;13:53:32;+00:02:22;12:53:18;"64,0";150672000
2025-04-30;04:10:54;21:36:40;04:49:52;20:57:27;05:25:57;20:21:12;05:55:35;19:51:28;"69,4";"290,8";01:18:10;01:12:20;00:59:21;13:55:53;+00:02:21;12:53:11;"64,3";150710000
2025-05-01;04:09:07;21:38:13;04:48:20;20:58:45;05:24:34;20:22:20;05:54:18;19:52:30;"69,0";"291,3";01:18:40;01:12:39;00:59:33;13:58:12;+00:02:19;12:53:04;"64,6";150747000
2025-05-02;04:07:21;21:39:46;04:46:49;21:00:03;05:23:13;20:23:28;05:53:02;19:53:32;"68,6";"291,7";01:19:10;01:12:58;00:59:44;14:00:30;+00:02:18;12:52:57;"64,9";150784000
2025-05-03;04:05:36;21:41:19;04:45:19;21:01:20;05:21:53;20:24:36;05:51:48;19:54:35;"68,2";"292,1";01:19:40;01:13:18;00:59:56;14:02:46;+00:02:16;12:52:51;"65,2";150820000
2025-05-04;04:03:52;21:42:52;04:43:50;21:02:38;05:20:34;20:25:44;05:50:35;19:55:36;"67,8";"292,5";01:20:11;01:13:37;01:00:08;14:05:01;+00:02:15;12:52:46;"65,5";150856000
2025-05-05;04:02:09;21:44:25;04:42:23;21:03:55;05:19:16;20:26:51;05:49:23;19:56:38;"67,4";"292,8";01:20:43;01:13:57;01:00:19;14:07:15;+00:02:14;12:52:41;"65,8";150891000
2025-05-06;04:00:27;21:45:58;04:40:56;21:05:13;05:18:00;20:27:59;05:48:12;19:57:39;"67,0";"293,2";01:21:15;01:14:17;01:00:31;14:09:27;+00:02:12;12:52:37;"66,0";150927000
2025-05-07;03:58:46;21:47:32;04:39:31;21:06:30;05:16:45;20:29:06;05:47:03;19:58:41;"66,6";"293,6";01:21:47;01:14:37;01:00:43;14:11:37;+00:02:10;12:52:33;"66,3";150961000
2025-05-08;03:57:06;21:49:05;04:38:07;21:07:47;05:15:31;20:30:13;05:45:56;19:59:41;"66,2";"294,0";01:22:20;01:14:57;01:00:55;14:13:45;+00:02:08;12:52:30;"66,6";150996000
2025-05-09;03:55:27;21:50:38;04:36:45;21:09:03;05:14:18;20:31:19;05:44:49;20:00:42;"65,9";"294,3";01:22:53;01:15:17;01:01:07;14:15:52;+00:02:07;12:52:27;"66,9";151030000
2025-05-10;03:53:49;21:52:11;04:35:24;21:10:20;05:13:08;20:32:25;05:43:44;20:01:42;"65,5";"294,7";01:23:26;01:15:38;01:01:20;14:17:57;+00:02:05;12:52:25;"67,1";151064000
2025-05-11;03:52:13;21:53:44;04:34:04;21:11:36;05:11:58;20:33:31;05:42:41;20:02:42;"65,2";"295,0";01:23:59;01:15:58;01:01:32;14:20:01;+00:02:04;12:52:23;"67,4";151098000
2025-05-12;03:50:38;21:55:17;04:32:46;21:12:51;05:10:50;20:34:37;05:41:39;20:03:41;"64,8";"295,4";01:24:33;01:16:18;01:01:44;14:22:02;+00:02:01;12:52:22;"67,6";151132000
2025-05-13;03:49:04;21:56:49;04:31:29;21:14:07;05:09:44;20:35:42;05:40:39;20:04:40;"64,5";"295,7";01:25:07;01:16:39;01:01:56;14:24:01;+00:01:59;12:52:22;"67,9";151165000
2025-05-14;03:47:32;21:58:21;04:30:14;21:15:22;05:08:39;20:36:46;05:39:40;20:05:39;"64,1";"296,1";01:25:41;01:16:59;01:02:08;14:25:59;+00:01:58;12:52:22;"68,1";151198000
2025-05-15;03:46:01;21:59:53;04:29:01;21:16:36;05:07:35;20:37:50;05:38:43;20:06:37;"63,8";"296,4";01:26:16;01:17:20;01:02:20;14:27:54;+00:01:55;12:52:23;"68,3";151230000
2025-05-16;03:44:32;22:01:24;04:27:49;21:17:49;05:06:34;20:38:54;05:37:47;20:07:35;"63,5";"296,7";01:26:50;01:17:40;01:02:32;14:29:47;+00:01:53;12:52:24;"68,6";151263000
2025-05-17;03:43:05;22:02:54;04:26:39;21:19:03;05:05:34;20:39:57;05:36:53;20:08:32;"63,2";"297,0";01:27:25;01:18:00;01:02:44;14:31:38;+00:01:51;12:52:26;"68,8";151295000
2025-05-18;03:41:39;22:04:24;04:25:30;21:20:15;05:04:36;20:40:59;05:36:01;20:09:28;"62,9";"297,3";01:27:59;01:18:21;01:02:56;14:33:27;+00:01:49;12:52:28;"69,0";151326000
2025-05-19;03:40:15;22:05:53;04:24:24;21:21:27;05:03:39;20:42:01;05:35:10;20:10:24;"62,6";"297,6";01:28:34;01:18:41;01:03:08;14:35:13;+00:01:46;12:52:31;"69,2";151358000
2025-05-20;03:38:53;22:07:21;04:23:19;21:22:38;05:02:45;20:43:02;05:34:22;20:11:19;"62,3";"297,9";01:29:08;01:19:01;01:03:19;14:36:57;+00:01:44;12:52:35;"69,4";151388000
2025-05-21;03:37:33;22:08:48;04:22:16;21:23:48;05:01:52;20:44:02;05:33:35;20:12:14;"62,0";"298,2";01:29:43;01:19:21;01:03:31;14:38:39;+00:01:42;12:52:39;"69,6";151418000
2025-05-22;03:36:15;22:10:14;04:21:16;21:24:57;05:01:01;20:45:02;05:32:49;20:13:07;"61,7";"298,4";01:30:17;01:19:40;01:03:42;14:40:17;+00:01:38;12:52:44;"69,8";151448000
2025-05-23;03:35:00;22:11:39;04:20:17;21:26:05;05:00:12;20:46:00;05:32:06;20:14:00;"61,4";"298,7";01:30:51;01:19:59;01:03:53;14:41:54;+00:01:37;12:52:49;"70,0";151477000
2025-05-24;03:33:46;22:13:03;04:19:20;21:27:12;04:59:25;20:46:58;05:31:24;20:14:53;"61,2";"299,0";01:31:25;01:20:18;01:04:04;14:43:28;+00:01:34;12:52:54;"70,2";151505000
2025-05-25;03:32:35;22:14:26;04:18:26;21:28:18;04:58:40;20:47:54;05:30:45;20:15:44;"60,9";"299,2";01:31:59;01:20:37;01:04:15;14:44:59;+00:01:31;12:53:01;"70,4";151533000
2025-05-26;03:31:26;22:15:47;04:17:33;21:29:23;04:57:57;20:48:50;05:30:07;20:16:34;"60,7";"299,5";01:32:32;01:20:56;01:04:26;14:46:27;+00:01:28;12:53:07;"70,5";151559000
2025-05-27;03:30:19;22:17:07;04:16:43;21:30:26;04:57:16;20:49:45;05:29:31;20:17:24;"60,5";"299,7";01:33:04;01:21:14;01:04:36;14:47:52;+00:01:25;12:53:15;"70,7";151585000
2025-05-28;03:29:15;22:18:25;04:15:55;21:31:28;04:56:36;20:50:38;05:28:57;20:18:12;"60,2";"299,9";01:33:36;01:21:31;01:04:46;14:49:15;+00:01:23;12:53:22;"70,9";151610000
2025-05-29;03:28:13;22:19:41;04:15:09;21:32:29;04:55:59;20:51:30;05:28:25;20:19:00;"60,0";"300,1";01:34:08;01:21:48;01:04:56;14:50:34;+00:01:19;12:53:30;"71,0";151634000
2025-05-30;03:27:14;22:20:55;04:14:26;21:33:28;04:55:24;20:52:21;05:27:55;20:19:46;"59,8";"300,3";01:34:38;01:22:05;01:05:05;14:51:51;+00:01:17;12:53:39;"71,2";151658000
2025-05-31;03:26:17;22:22:08;04:13:44;21:34:26;04:54:51;20:53:11;05:27:27;20:20:31;"59,6";"300,5";01:35:08;01:22:21;01:05:15;14:53:04;+00:01:13;12:53:48;"71,3";151681000
2025-06-01;03:25:24;22:23:18;04:13:06;21:35:22;04:54:21;20:53:59;05:27:00;20:21:15;"59,4";"300,7";01:35:38;01:22:37;01:05:24;14:54:14;+00:01:10;12:53:57;"71,4";151703000
2025-06-02;03:24:33;22:24:27;04:12:29;21:36:16;04:53:52;20:54:46;05:26:36;20:21:58;"59,2";"300,9";01:36:06;01:22:52;01:05:32;14:55:21;+00:01:07;12:54:07;"71,6";151724000
2025-06-03;03:23:45;22:25:33;04:11:55;21:37:09;04:53:25;20:55:32;05:26:14;20:22:39;"59,0";"301,1";01:36:33;01:23:07;01:05:40;14:56:25;+00:01:04;12:54:17;"71,7";151745000
2025-06-04;03:23:00;22:26:36;04:11:24;21:38:00;04:53:01;20:56:16;05:25:53;20:23:19;"58,9";"301,2";01:37:00;01:23:21;01:05:48;14:57:26;+00:01:01;12:54:27;"71,8";151765000
2025-06-05;03:22:18;22:27:37;04:10:55;21:38:49;04:52:39;20:56:58;05:25:35;20:23:58;"58,7";"301,4";01:37:25;01:23:34;01:05:56;14:58:23;+00:00:57;12:54:38;"71,9";151785000
2025-06-06;03:21:39;22:28:36;04:10:28;21:39:36;04:52:18;20:57:39;05:25:18;20:24:36;"58,6";"301,5";01:37:49;01:23:47;01:06:03;14:59:17;+00:00:54;12:54:49;"72,0";151804000
2025-06-07;03:21:03;22:29:32;04:10:04;21:40:20;04:52:00;20:58:18;05:25:04;20:25:11;"58,4";"301,7";01:38:12;01:23:58;01:06:09;15:00:07;+00:00:50;12:55:00;"72,1";151822000
2025-06-08;03:20:31;22:30:25;04:09:42;21:41:03;04:51:45;20:58:56;05:24:51;20:25:46;"58,3";"301,8";01:38:33;01:24:10;01:06:16;15:00:54;+00:00:47;12:55:12;"72,2";151840000
2025-06-09;03:20:01;22:31:16;04:09:23;21:41:44;04:51:31;20:59:31;05:24:41;20:26:19;"58,2";"301,9";01:38:53;01:24:20;01:06:21;15:01:38;+00:00:44;12:55:23;"72,3";151858000
2025-06-10;03:19:35;22:32:03;04:09:07;21:42:23;04:51:20;21:00:05;05:24:32;20:26:50;"58,1";"302,0";01:39:12;01:24:30;01:06:27;15:02:18;+00:00:40;12:55:35;"72,4";151875000
2025-06-11;03:19:13;22:32:48;04:08:53;21:42:59;04:51:11;21:00:37;05:24:26;20:27:20;"58,0";"302,1";01:39:29;01:24:38;01:06:32;15:02:54;+00:00:36;12:55:47;"72,4";151892000
2025-06-12;03:18:53;22:33:29;04:08:42;21:43:33;04:51:04;21:01:08;05:24:21;20:27:48;"57,9";"302,2";01:39:44;01:24:46;01:06:36;15:03:27;+00:00:33;12:56:00;"72,5";151908000
2025-06-13;03:18:37;22:34:08;04:08:34;21:44:05;04:50:59;21:01:36;05:24:18;20:28:15;"57,8";"302,2";01:39:58;01:24:54;01:06:40;15:03:56;+00:00:29;12:56:12;"72,5";151923000
2025-06-14;03:18:25;22:34:43;04:08:28;21:44:34;04:50:56;21:02:03;05:24:18;20:28:40;"57,7";"302,3";01:40:11;01:25:00;01:06:44;15:04:22;+00:00:26;12:56:25;"72,6";151939000
2025-06-15;03:18:16;22:35:15;04:08:24;21:45:01;04:50:56;21:02:27;05:24:19;20:29:03;"57,7";"302,4";01:40:21;01:25:05;01:06:47;15:04:43;+00:00:21;12:56:38;"72,6";151953000
2025-06-16;03:18:10;22:35:43;04:08:24;21:45:26;04:50:58;21:02:50;05:24:22;20:29:24;"57,6";"302,4";01:40:30;01:25:10;01:06:49;15:05:02;+00:00:19;12:56:51;"72,7";151967000
2025-06-17;03:18:08;22:36:08;04:08:26;21:45:48;04:51:02;21:03:10;05:24:27;20:29:44;"57,6";"302,4";01:40:37;01:25:13;01:06:51;15:05:16;+00:00:14;12:57:04;"72,7";151981000
2025-06-18;03:18:10;22:36:30;04:08:30;21:46:08;04:51:08;21:03:29;05:24:34;20:30:02;"57,5";"302,5";01:40:43;01:25:16;01:06:53;15:05:27;+00:00:11;12:57:17;"72,7";151994000
2025-06-19;03:18:15;22:36:49;04:08:38;21:46:25;04:51:16;21:03:45;05:24:43;20:30:18;"57,5";"302,5";01:40:46;01:25:18;01:06:54;15:05:34;+00:00:07;12:57:30;"72,7";152006000
2025-06-20;03:18:24;22:37:04;04:08:48;21:46:39;04:51:27;21:04:00;05:24:54;20:30:32;"57,5";"302,5";01:40:48;01:25:19;01:06:54;15:05:38;+00:00:04;12:57:43;"72,7";152018000
2025-06-21;03:18:36;22:37:15;04:09:00;21:46:51;04:51:40;21:04:12;05:25:07;20:30:45;"57,5";"302,5";01:40:48;01:25:18;01:06:54;15:05:37;-00:00:01;12:57:56;"72,7";152028000
2025-06-22;03:18:51;22:37:23;04:09:15;21:47:01;04:51:54;21:04:22;05:25:22;20:30:55;"57,5";"302,5";01:40:46;01:25:17;01:06:54;15:05:33;-00:00:04;12:58:09;"72,7";152038000
2025-06-23;03:19:10;22:37:27;04:09:33;21:47:07;04:52:11;21:04:30;05:25:38;20:31:04;"57,5";"302,5";01:40:42;01:25:15;01:06:53;15:05:25;-00:00:08;12:58:22;"72,7";152047000
2025-06-24;03:19:33;22:37:28;04:09:53;21:47:11;04:52:30;21:04:36;05:25:56;20:31:10;"57,6";"302,4";01:40:36;01:25:13;01:06:51;15:05:14;-00:00:11;12:58:35;"72,7";152055000
2025-06-25;03:19:58;22:37:25;04:10:15;21:47:13;04:52:51;21:04:39;05:26:16;20:31:15;"57,6";"302,4";01:40:29;01:25:09;01:06:49;15:04:58;-00:00:16;12:58:48;"72,7";152062000
2025-06-26;03:20:27;22:37:19;04:10:40;21:47:11;04:53:14;21:04:40;05:26:38;20:31:18;"57,6";"302,3";01:40:19;01:25:04;01:06:46;15:04:39;-00:00:19;12:59:01;"72,6";152068000
2025-06-27;03:21:00;22:37:09;04:11:07;21:47:07;04:53:38;21:04:39;05:27:01;20:31:18;"57,7";"302,3";01:40:09;01:24:59;01:06:43;15:04:17;-00:00:22;12:59:14;"72,6";152074000
2025-06-28;03:21:35;22:36:56;04:11:37;21:47:01;04:54:05;21:04:36;05:27:26;20:31:17;"57,8";"302,2";01:39:56;01:24:52;01:06:40;15:03:51;-00:00:26;12:59:26;"72,5";152078000
2025-06-29;03:22:14;22:36:39;04:12:09;21:46:51;04:54:33;21:04:31;05:27:52;20:31:14;"57,8";"302,1";01:39:42;01:24:45;01:06:36;15:03:21;-00:00:30;12:59:38;"72,5";152082000
2025-06-30;03:22:55;22:36:18;04:12:43;21:46:39;04:55:03;21:04:23;05:28:20;20:31:08;"57,9";"302,0";01:39:26;01:24:37;01:06:31;15:02:47;-00:00:34;12:59:50;"72,4";152084000
2025-07-01;03:23:40;22:35:55;04:13:19;21:46:25;04:55:35;21:04:13;05:28:50;20:31:01;"58,0";"301,9";01:39:08;01:24:28;01:06:26;15:02:10;-00:00:37;13:00:02;"72,3";152086000
2025-07-02;03:24:27;22:35:27;04:13:57;21:46:07;04:56:09;21:04:00;05:29:21;20:30:51;"58,1";"301,8";01:38:50;01:24:18;01:06:21;15:01:30;-00:00:40;13:00:13;"72,3";152087000
2025-07-03;03:25:17;22:34:57;04:14:38;21:45:47;04:56:44;21:03:46;05:29:54;20:30:40;"58,2";"301,7";01:38:29;01:24:08;01:06:15;15:00:46;-00:00:44;13:00:24;"72,2";152088000
2025-07-04;03:26:10;22:34:23;04:15:20;21:45:24;04:57:21;21:03:29;05:30:27;20:30:26;"58,4";"301,5";01:38:08;01:23:57;01:06:09;14:59:58;-00:00:48;13:00:35;"72,1";152087000
2025-07-05;03:27:06;22:33:46;04:16:04;21:44:59;04:58:00;21:03:10;05:31:03;20:30:10;"58,5";"301,4";01:37:45;01:23:44;01:06:02;14:59:07;-00:00:51;13:00:45;"72,0";152087000
2025-07-06;03:28:04;22:33:06;04:16:50;21:44:31;04:58:40;21:02:48;05:31:39;20:29:53;"58,6";"301,3";01:37:21;01:23:32;01:05:55;14:58:13;-00:00:54;13:00:55;"71,9";152085000
2025-07-07;03:29:04;22:32:22;04:17:38;21:44:01;04:59:21;21:02:25;05:32:17;20:29:33;"58,8";"301,1";01:36:55;01:23:18;01:05:47;14:57:15;-00:00:58;13:01:04;"71,8";152083000
2025-07-08;03:30:07;22:31:36;04:18:28;21:43:28;05:00:04;21:01:59;05:32:56;20:29:11;"59,0";"300,9";01:36:29;01:23:05;01:05:39;14:56:14;-00:01:01;13:01:14;"71,7";152080000
2025-07-09;03:31:12;22:30:47;04:19:20;21:42:52;05:00:49;21:01:31;05:33:37;20:28:47;"59,1";"300,8";01:36:02;01:22:50;01:05:31;14:55:10;-00:01:04;13:01:22;"71,6";152077000
2025-07-10;03:32:19;22:29:54;04:20:13;21:42:15;05:01:34;21:01:01;05:34:18;20:28:22;"59,3";"300,6";01:35:33;01:22:35;01:05:23;14:54:03;-00:01:07;13:01:31;"71,4";152073000
2025-07-11;03:33:28;22:28:59;04:21:07;21:41:34;05:02:21;21:00:29;05:35:01;20:27:54;"59,5";"300,4";01:35:04;01:22:19;01:05:14;14:52:53;-00:01:10;13:01:38;"71,3";152069000
2025-07-12;03:34:38;22:28:01;04:22:03;21:40:52;05:03:09;20:59:54;05:35:44;20:27:24;"59,7";"300,2";01:34:34;01:22:03;01:05:05;14:51:39;-00:01:14;13:01:46;"71,2";152064000
2025-07-13;03:35:51;22:27:01;04:23:01;21:40:07;05:03:59;20:59:18;05:36:29;20:26:52;"59,9";"300,0";01:34:04;01:21:46;01:04:55;14:50:23;-00:01:16;13:01:53;"71,0";152059000
2025-07-14;03:37:06;22:25:58;04:24:00;21:39:19;05:04:49;20:58:39;05:37:15;20:26:19;"60,1";"299,7";01:33:32;01:21:29;01:04:45;14:49:03;-00:01:20;13:01:59;"70,9";152053000
2025-07-15;03:38:22;22:24:52;04:25:00;21:38:30;05:05:41;20:57:58;05:38:01;20:25:43;"60,3";"299,5";01:33:00;01:21:11;01:04:35;14:47:41;-00:01:22;13:02:05;"70,7";152047000
2025-07-16;03:39:39;22:23:44;04:26:02;21:37:38;05:06:34;20:57:16;05:38:49;20:25:06;"60,6";"299,3";01:32:28;01:20:54;01:04:25;14:46:16;-00:01:25;13:02:11;"70,5";152040000
2025-07-17;03:40:59;22:22:34;04:27:05;21:36:44;05:07:27;20:56:31;05:39:38;20:24:26;"60,8";"299,0";01:31:55;01:20:35;01:04:15;14:44:48;-00:01:28;13:02:16;"70,4";152033000
2025-07-18;03:42:19;22:21:21;04:28:09;21:35:48;05:08:22;20:55:44;05:40:27;20:23:45;"61,1";"298,8";01:31:22;01:20:17;01:04:04;14:43:17;-00:01:31;13:02:20;"70,2";152024000
2025-07-19;03:43:41;22:20:06;04:29:14;21:34:50;05:09:18;20:54:56;05:41:17;20:23:02;"61,3";"298,5";01:30:48;01:19:58;01:03:53;14:41:44;-00:01:33;13:02:24;"70,0";152015000
2025-07-20;03:45:04;22:18:49;04:30:20;21:33:50;05:10:14;20:54:05;05:42:08;20:22:17;"61,6";"298,3";01:30:14;01:19:38;01:03:42;14:40:08;-00:01:36;13:02:28;"69,8";152006000
2025-07-21;03:46:28;22:17:29;04:31:27;21:32:47;05:11:11;20:53:13;05:43:00;20:21:30;"61,8";"298,0";01:29:40;01:19:19;01:03:31;14:38:30;-00:01:38;13:02:30;"69,6";151995000
2025-07-22;03:47:52;22:16:08;04:32:34;21:31:43;05:12:09;20:52:18;05:43:52;20:20:42;"62,1";"297,7";01:29:06;01:18:59;01:03:19;14:36:49;-00:01:41;13:02:33;"69,4";151984000
2025-07-23;03:49:18;22:14:45;04:33:43;21:30:37;05:13:08;20:51:22;05:44:45;20:19:51;"62,4";"297,4";01:28:32;01:18:40;01:03:08;14:35:06;-00:01:43;13:02:34;"69,2";151971000
2025-07-24;03:50:45;22:13:20;04:34:52;21:29:29;05:14:08;20:50:24;05:45:39;20:18:59;"62,7";"297,1";01:27:58;01:18:20;01:02:56;14:33:20;-00:01:46;13:02:36;"69,0";151958000
2025-07-25;03:52:12;22:11:53;04:36:03;21:28:20;05:15:08;20:49:25;05:46:33;20:18:06;"63,0";"296,8";01:27:23;01:18:00;01:02:44;14:31:32;-00:01:48;13:02:36;"68,8";151944000
2025-07-26;03:53:40;22:10:24;04:37:13;21:27:08;05:16:08;20:48:23;05:47:28;20:17:10;"63,3";"296,5";01:26:49;01:17:39;01:02:32;14:29:42;-00:01:50;13:02:36;"68,6";151929000
2025-07-27;03:55:08;22:08:54;04:38:24;21:25:55;05:17:09;20:47:20;05:48:23;20:16:13;"63,6";"296,2";01:26:15;01:17:19;01:02:20;14:27:49;-00:01:53;13:02:35;"68,3";151913000
2025-07-28;03:56:37;22:07:22;04:39:36;21:24:40;05:18:11;20:46:16;05:49:19;20:15:14;"63,9";"295,9";01:25:41;01:16:59;01:02:09;14:25:55;-00:01:54;13:02:34;"68,1";151897000
2025-07-29;03:58:06;22:05:49;04:40:48;21:23:24;05:19:13;20:45:09;05:50:15;20:14:14;"64,3";"295,5";01:25:07;01:16:39;01:01:57;14:23:59;-00:01:56;13:02:32;"67,9";151879000
2025-07-30;03:59:35;22:04:14;04:42:01;21:22:05;05:20:15;20:44:01;05:51:11;20:13:12;"64,6";"295,2";01:24:33;01:16:18;01:01:45;14:22:00;-00:01:59;13:02:30;"67,6";151861000
2025-07-31;04:01:05;22:02:37;04:43:14;21:20:46;05:21:18;20:42:52;05:52:08;20:12:08;"65,0";"294,8";01:24:00;01:15:58;01:01:33;14:20:00;-00:02:00;13:02:26;"67,4";151842000
2025-08-01;04:02:35;22:01:00;04:44:27;21:19:25;05:22:21;20:41:41;05:53:05;20:11:03;"65,3";"294,5";01:23:26;01:15:38;01:01:21;14:17:58;-00:02:02;13:02:23;"67,1";151822000
2025-08-02;04:04:05;21:59:21;04:45:40;21:18:02;05:23:25;20:40:28;05:54:02;20:09:57;"65,7";"294,1";01:22:53;01:15:18;01:01:09;14:15:54;-00:02:04;13:02:18;"66,9";151802000
2025-08-03;04:05:35;21:57:40;04:46:54;21:16:38;05:24:28;20:39:14;05:55:00;20:08:49;"66,0";"293,8";01:22:21;01:14:58;01:00:57;14:13:48;-00:02:06;13:02:13;"66,6";151781000
2025-08-04;04:07:05;21:55:59;04:48:07;21:15:13;05:25:32;20:37:59;05:55:58;20:07:39;"66,4";"293,4";01:21:49;01:14:38;01:00:45;14:11:41;-00:02:07;13:02:08;"66,3";151760000
2025-08-05;04:08:35;21:54:16;04:49:21;21:13:46;05:26:36;20:36:42;05:56:56;20:06:28;"66,8";"293,0";01:21:17;01:14:18;01:00:33;14:09:32;-00:02:09;13:02:01;"66,1";151738000
2025-08-06;04:10:04;21:52:33;04:50:35;21:12:18;05:27:40;20:35:24;05:57:54;20:05:16;"67,1";"292,6";01:20:45;01:13:58;01:00:21;14:07:22;-00:02:10;13:01:54;"65,8";151716000
2025-08-07;04:11:34;21:50:48;04:51:49;21:10:49;05:28:44;20:34:04;05:58:52;20:04:03;"67,5";"292,3";01:20:14;01:13:39;01:00:09;14:05:10;-00:02:12;13:01:47;"65,5";151693000
2025-08-08;04:13:03;21:49:02;04:53:03;21:09:19;05:29:48;20:32:44;05:59:51;20:02:48;"67,9";"291,9";01:19:43;01:13:20;00:59:58;14:02:57;-00:02:13;13:01:39;"65,2";151670000
2025-08-09;04:14:32;21:47:16;04:54:17;21:07:47;05:30:52;20:31:22;06:00:49;20:01:31;"68,3";"291,5";01:19:13;01:13:00;00:59:46;14:00:42;-00:02:15;13:01:30;"64,9";151646000
2025-08-10;04:16:01;21:45:29;04:55:31;21:06:15;05:31:57;20:29:59;06:01:48;20:00:14;"68,7";"291,1";01:18:43;01:12:41;00:59:35;13:58:26;-00:02:16;13:01:21;"64,6";151622000
2025-08-11;04:17:30;21:43:41;04:56:45;21:04:41;05:33:01;20:28:34;06:02:47;19:58:55;"69,1";"290,7";01:18:14;01:12:23;00:59:24;13:56:08;-00:02:18;13:01:11;"64,3";151598000
2025-08-12;04:18:58;21:41:52;04:57:58;21:03:07;05:34:06;20:27:09;06:03:45;19:57:36;"69,5";"290,2";01:17:45;01:12:04;00:59:13;13:53:50;-00:02:18;13:01:01;"64,0";151573000
2025-08-13;04:20:26;21:40:02;04:59:12;21:01:31;05:35:10;20:25:43;06:04:44;19:56:15;"69,9";"289,8";01:17:16;01:11:46;00:59:02;13:51:30;-00:02:20;13:00:50;"63,7";151548000
2025-08-14;04:21:54;21:38:12;05:00:25;20:59:55;05:36:15;20:24:15;06:05:43;19:54:53;"70,3";"289,4";01:16:48;01:11:28;00:58:51;13:49:09;-00:02:21;13:00:39;"63,4";151522000
2025-08-15;04:23:21;21:36:21;05:01:39;20:58:17;05:37:19;20:22:47;06:06:42;19:53:30;"70,8";"289,0";01:16:21;01:11:10;00:58:40;13:46:47;-00:02:22;13:00:27;"63,1";151496000
2025-08-16;04:24:48;21:34:29;05:02:52;20:56:39;05:38:23;20:21:18;06:07:42;19:52:06;"71,2";"288,6";01:15:54;01:10:53;00:58:30;13:44:24;-00:02:23;13:00:14;"62,8";151469000
2025-08-17;04:26:14;21:32:37;05:04:05;20:55:01;05:39:28;20:19:47;06:08:41;19:50:40;"71,6";"288,1";01:15:27;01:10:36;00:58:19;13:41:59;-00:02:25;13:00:01;"62,5";151442000
2025-08-18;04:27:40;21:30:45;05:05:18;20:53:21;05:40:32;20:18:16;06:09:40;19:49:14;"72,1";"287,7";01:15:01;01:10:19;00:58:09;13:39:34;-00:02:25;12:59:48;"62,1";151414000
2025-08-19;04:29:06;21:28:52;05:06:30;20:51:41;05:41:36;20:16:44;06:10:39;19:47:47;"72,5";"287,2";01:14:36;01:10:02;00:57:59;13:37:08;-00:02:26;12:59:34;"61,8";151386000
2025-08-20;04:30:30;21:26:59;05:07:43;20:50:00;05:42:40;20:15:11;06:11:38;19:46:19;"73,0";"286,8";01:14:11;01:09:46;00:57:49;13:34:41;-00:02:27;12:59:20;"61,5";151357000
2025-08-21;04:31:55;21:25:05;05:08:55;20:48:18;05:43:44;20:13:38;06:12:37;19:44:50;"73,4";"286,3";01:13:46;01:09:30;00:57:40;13:32:13;-00:02:28;12:59:05;"61,2";151327000
2025-08-22;04:33:19;21:23:11;05:10:06;20:46:36;05:44:48;20:12:03;06:13:36;19:43:21;"73,9";"285,9";01:13:22;01:09:14;00:57:30;13:29:44;-00:02:29;12:58:50;"60,8";151296000
2025-08-23;04:34:42;21:21:16;05:11:18;20:44:53;05:45:52;20:10:28;06:14:35;19:41:50;"74,3";"285,4";01:12:59;01:08:58;00:57:21;13:27:14;-00:02:30;12:58:34;"60,5";151265000
2025-08-24;04:36:05;21:19:22;05:12:29;20:43:10;05:46:55;20:08:52;06:15:34;19:40:19;"74,8";"285,0";01:12:36;01:08:43;00:57:12;13:24:44;-00:02:30;12:58:18;"60,1";151233000
2025-08-25;04:37:27;21:17:27;05:13:40;20:41:26;05:47:59;20:07:16;06:16:33;19:38:47;"75,2";"284,5";01:12:13;01:08:29;00:57:03;13:22:13;-00:02:31;12:58:01;"59,8";151201000
2025-08-26;04:38:49;21:15:32;05:14:50;20:39:42;05:49:02;20:05:39;06:17:32;19:37:14;"75,7";"284,0";01:11:51;01:08:14;00:56:55;13:19:41;-00:02:32;12:57:44;"59,4";151167000
2025-08-27;04:40:10;21:13:36;05:16:01;20:37:57;05:50:05;20:04:01;06:18:31;19:35:40;"76,2";"283,6";01:11:30;01:08:00;00:56:46;13:17:09;-00:02:32;12:57:27;"59,1";151134000
2025-08-28;04:41:30;21:11:41;05:17:10;20:36:12;05:51:08;20:02:23;06:19:30;19:34:06;"76,6";"283,1";01:11:09;01:07:46;00:56:38;13:14:36;-00:02:33;12:57:09;"58,7";151099000
2025-08-29;04:42:50;21:09:45;05:18:20;20:34:26;05:52:11;20:00:44;06:20:29;19:32:31;"77,1";"282,6";01:10:49;01:07:33;00:56:30;13:12:02;-00:02:34;12:56:51;"58,4";151064000
2025-08-30;04:44:09;21:07:50;05:19:29;20:32:41;05:53:13;19:59:04;06:21:27;19:30:55;"77,6";"282,1";01:10:29;01:07:20;00:56:23;13:09:28;-00:02:34;12:56:33;"58,0";151029000
2025-08-31;04:45:27;21:05:54;05:20:38;20:30:54;05:54:15;19:57:25;06:22:26;19:29:19;"78,1";"281,7";01:10:10;01:07:07;00:56:15;13:06:53;-00:02:35;12:56:14;"57,7";150993000
2025-09-01;04:46:45;21:03:59;05:21:46;20:29:08;05:55:17;19:55:44;06:23:24;19:27:43;"78,6";"281,2";01:09:51;01:06:55;00:56:08;13:04:18;-00:02:35;12:55:55;"57,3";150957000
2025-09-02;04:48:02;21:02:03;05:22:54;20:27:22;05:56:19;19:54:04;06:24:23;19:26:05;"79,0";"280,7";01:09:33;01:06:43;00:56:01;13:01:42;-00:02:36;12:55:35;"56,9";150920000
2025-09-03;04:49:19;21:00:07;05:24:02;20:25:35;05:57:21;19:52:23;06:25:21;19:24:28;"79,5";"280,2";01:09:15;01:06:31;00:55:54;12:59:06;-00:02:36;12:55:16;"56,6";150883000
2025-09-04;04:50:35;20:58:12;05:25:09;20:23:48;05:58:23;19:50:41;06:26:19;19:22:50;"80,0";"279,7";01:08:57;01:06:20;00:55:48;12:56:30;-00:02:36;12:54:56;"56,2";150846000
2025-09-05;04:51:51;20:56:16;05:26:16;20:22:01;05:59:24;19:49:00;06:27:18;19:21:11;"80,5";"279,2";01:08:41;01:06:09;00:55:42;12:53:53;-00:02:37;12:54:36;"55,8";150808000
2025-09-06;04:53:06;20:54:21;05:27:23;20:20:13;06:00:25;19:47:18;06:28:16;19:19:32;"81,0";"278,7";01:08:24;01:05:58;00:55:36;12:51:16;-00:02:37;12:54:15;"55,5";150771000
2025-09-07;04:54:20;20:52:26;05:28:29;20:18:26;06:01:26;19:45:36;06:29:14;19:17:53;"81,5";"278,2";01:08:08;01:05:48;00:55:30;12:48:38;-00:02:38;12:53:55;"55,1";150733000
2025-09-08;04:55:34;20:50:31;05:29:35;20:16:39;06:02:27;19:43:53;06:30:12;19:16:13;"82,0";"277,7";01:07:53;01:05:38;00:55:25;12:46:00;-00:02:38;12:53:34;"54,7";150695000
2025-09-09;04:56:47;20:48:36;05:30:41;20:14:52;06:03:28;19:42:11;06:31:11;19:14:33;"82,5";"277,2";01:07:38;01:05:28;00:55:20;12:43:22;-00:02:38;12:53:13;"54,3";150657000
2025-09-10;04:58:00;20:46:42;05:31:46;20:13:04;06:04:29;19:40:28;06:32:09;19:12:52;"83,0";"276,7";01:07:24;01:05:19;00:55:15;12:40:43;-00:02:39;12:52:52;"54,0";150619000
2025-09-11;04:59:12;20:44:48;05:32:51;20:11:17;06:05:30;19:38:45;06:33:07;19:11:12;"83,5";"276,2";01:07:10;01:05:10;00:55:10;12:38:04;-00:02:39;12:52:31;"53,6";150581000
2025-09-12;05:00:23;20:42:54;05:33:56;20:09:30;06:06:30;19:37:02;06:34:05;19:09:31;"84,0";"275,7";01:06:56;01:05:02;00:55:06;12:35:25;-00:02:39;12:52:09;"53,2";150543000
2025-09-13;05:01:35;20:41:01;05:35:01;20:07:43;06:07:31;19:35:19;06:35:04;19:07:50;"84,5";"275,2";01:06:43;01:04:53;00:55:02;12:32:46;-00:02:39;12:51:48;"52,8";150504000
2025-09-14;05:02:45;20:39:08;05:36:05;20:05:56;06:08:31;19:33:36;06:36:02;19:06:09;"85,0";"274,7";01:06:31;01:04:46;00:54:58;12:30:06;-00:02:40;12:51:27;"52,4";150465000
2025-09-15;05:03:56;20:37:15;05:37:09;20:04:09;06:09:31;19:31:53;06:37:01;19:04:28;"85,5";"274,2";01:06:18;01:04:38;00:54:54;12:27:27;-00:02:39;12:51:05;"52,0";150426000
2025-09-16;05:05:06;20:35:23;05:38:13;20:02:23;06:10:32;19:30:10;06:37:59;19:02:46;"86,0";"273,7";01:06:07;01:04:31;00:54:51;12:24:47;-00:02:40;12:50:44;"51,7";150387000
2025-09-17;05:06:15;20:33:31;05:39:17;20:00:37;06:11:32;19:28:27;06:38:58;19:01:05;"86,6";"273,2";01:05:56;01:04:24;00:54:48;12:22:07;-00:02:40;12:50:22;"51,3";150347000
2025-09-18;05:07:24;20:31:40;05:40:20;19:58:51;06:12:32;19:26:44;06:39:57;18:59:24;"87,1";"272,7";01:05:45;01:04:18;00:54:45;12:19:26;-00:02:41;12:50:01;"50,9";150307000
2025-09-19;05:08:33;20:29:49;05:41:24;19:57:05;06:13:32;19:25:02;06:40:56;18:57:42;"87,6";"272,2";01:05:34;01:04:12;00:54:43;12:16:46;-00:02:40;12:49:40;"50,5";150267000
2025-09-20;05:09:41;20:27:59;05:42:27;19:55:20;06:14:33;19:23:19;06:41:55;18:56:01;"88,1";"271,6";01:05:24;01:04:06;00:54:40;12:14:05;-00:02:41;12:49:18;"50,1";150226000
2025-09-21;05:10:49;20:26:09;05:43:30;19:53:35;06:15:33;19:21:37;06:42:54;18:54:19;"88,6";"271,1";01:05:15;01:04:01;00:54:38;12:11:25;-00:02:40;12:48:57;"49,7";150185000
2025-09-22;05:11:56;20:24:20;05:44:32;19:51:50;06:16:33;19:19:55;06:43:53;18:52:38;"89,1";"270,6";01:05:06;01:03:56;00:54:37;12:08:44;-00:02:41;12:48:36;"49,3";150143000
2025-09-23;05:13:03;20:22:32;05:45:35;19:50:06;06:17:33;19:18:13;06:44:53;18:50:57;"89,6";"270,1";01:04:57;01:03:51;00:54:35;12:06:04;-00:02:40;12:48:15;"48,9";150101000
2025-09-24;05:14:10;20:20:44;05:46:37;19:48:22;06:18:33;19:16:31;06:45:52;18:49:16;"90,2";"269,6";01:04:49;01:03:47;00:54:34;12:03:23;-00:02:41;12:47:54;"48,5";150059000
2025-09-25;05:15:16;20:18:57;05:47:40;19:46:39;06:19:34;19:14:50;06:46:52;18:47:35;"90,7";"269,1";01:04:41;01:03:42;00:54:33;12:00:42;-00:02:41;12:47:34;"48,2";150016000
2025-09-26;05:16:22;20:17:10;05:48:42;19:44:56;06:20:34;19:13:09;06:47:52;18:45:54;"91,2";"268,6";01:04:33;01:03:39;00:54:32;11:58:02;-00:02:40;12:47:13;"47,8";149973000
2025-09-27;05:17:28;20:15:24;05:49:44;19:43:14;06:21:34;19:11:28;06:48:52;18:44:13;"91,7";"268,1";01:04:26;01:03:35;00:54:32;11:55:21;-00:02:41;12:46:53;"47,4";149930000
2025-09-28;05:18:33;20:13:39;05:50:46;19:41:32;06:22:34;19:09:48;06:49:52;18:42:33;"92,2";"267,5";01:04:20;01:03:32;00:54:32;11:52:40;-00:02:41;12:46:33;"47,0";149887000
2025-09-29;05:19:38;20:11:55;05:51:48;19:39:51;06:23:35;19:08:08;06:50:53;18:40:53;"92,7";"267,0";01:04:13;01:03:30;00:54:32;11:50:00;-00:02:40;12:46:13;"46,6";149843000
2025-09-30;05:20:43;20:10:11;05:52:49;19:38:10;06:24:35;19:06:28;06:51:53;18:39:13;"93,2";"266,5";01:04:07;01:03:27;00:54:32;11:47:20;-00:02:40;12:45:53;"46,2";149800000
2025-10-01;05:21:47;20:08:29;05:53:51;19:36:30;06:25:36;19:04:49;06:52:54;18:37:34;"93,7";"266,0";01:04:02;01:03:25;00:54:33;11:44:39;-00:02:41;12:45:34;"45,8";149756000
2025-10-02;05:22:51;20:06:47;05:54:52;19:34:51;06:26:36;19:03:11;06:53:55;18:35:55;"94,3";"265,5";01:03:57;01:03:23;00:54:34;11:41:59;-00:02:40;12:45:15;"45,4";149712000
2025-10-03;05:23:55;20:05:06;05:55:54;19:33:12;06:27:37;19:01:33;06:54:56;18:34:16;"94,8";"265,0";01:03:52;01:03:22;00:54:35;11:39:20;-00:02:39;12:44:56;"45,1";149669000
2025-10-04;05:24:59;20:03:26;05:56:55;19:31:34;06:28:38;18:59:55;06:55:58;18:32:38;"95,3";"264,5";01:03:47;01:03:21;00:54:37;11:36:40;-00:02:40;12:44:37;"44,7";149626000
2025-10-05;05:26:02;20:01:47;05:57:57;19:29:57;06:29:39;18:58:19;06:56:59;18:31:00;"95,8";"264,0";01:03:43;01:03:20;00:54:38;11:34:00;-00:02:40;12:44:19;"44,3";149582000
2025-10-06;05:27:06;20:00:08;05:58:58;19:28:21;06:30:40;18:56:42;06:58:01;18:29:23;"96,3";"263,5";01:03:40;01:03:20;00:54:40;11:31:21;-00:02:39;12:44:02;"43,9";149539000
2025-10-07;05:28:09;19:58:31;05:59:59;19:26:45;06:31:41;18:55:07;06:59:04;18:27:46;"96,8";"263,0";01:03:36;01:03:19;00:54:43;11:28:42;-00:02:39;12:43:44;"43,5";149496000
2025-10-08;05:29:12;19:56:55;06:01:01;19:25:10;06:32:42;18:53:32;07:00:06;18:26:10;"97,3";"262,5";01:03:33;01:03:20;00:54:45;11:26:03;-00:02:39;12:43:27;"43,1";149454000
2025-10-09;05:30:15;19:55:20;06:02:02;19:23:36;06:33:44;18:51:58;07:01:09;18:24:35;"97,8";"262,0";01:03:30;01:03:20;00:54:48;11:23:25;-00:02:38;12:43:11;"42,8";149412000
2025-10-10;05:31:17;19:53:45;06:03:03;19:22:03;06:34:46;18:50:24;07:02:12;18:23:00;"98,3";"261,5";01:03:28;01:03:21;00:54:51;11:20:47;-00:02:38;12:42:55;"42,4";149369000
2025-10-11;05:32:20;19:52:12;06:04:05;19:20:31;06:35:48;18:48:52;07:03:16;18:21:25;"98,8";"261,0";01:03:26;01:03:22;00:54:54;11:18:09;-00:02:38;12:42:39;"42,0";149328000
2025-10-12;05:33:22;19:50:40;06:05:07;19:19:00;06:36:50;18:47:20;07:04:20;18:19:52;"99,3";"260,5";01:03:24;01:03:23;00:54:57;11:15:32;-00:02:37;12:42:24;"41,6";149286000
2025-10-13;05:34:25;19:49:10;06:06:08;19:17:30;06:37:52;18:45:49;07:05:24;18:18:19;"99,8";"260,0";01:03:23;01:03:24;00:55:01;11:12:55;-00:02:37;12:42:10;"41,3";149244000
2025-10-14;05:35:27;19:47:40;06:07:10;19:16:01;06:38:55;18:44:19;07:06:28;18:16:47;"100,3";"259,5";01:03:21;01:03:26;00:55:05;11:10:18;-00:02:37;12:41:56;"40,9";149203000
2025-10-15;05:36:29;19:46:11;06:08:12;19:14:33;06:39:58;18:42:50;07:07:33;18:15:16;"100,8";"259,0";01:03:21;01:03:28;00:55:09;11:07:42;-00:02:36;12:41:43;"40,5";149161000
2025-10-16;05:37:32;19:44:44;06:09:14;19:13:06;06:41:01;18:41:21;07:08:39;18:13:45;"101,3";"258,5";01:03:20;01:03:31;00:55:14;11:05:06;-00:02:36;12:41:30;"40,2";149120000
2025-10-17;05:38:34;19:43:18;06:10:16;19:11:40;06:42:04;18:39:54;07:09:44;18:12:16;"101,8";"258,0";01:03:20;01:03:33;00:55:18;11:02:31;-00:02:35;12:41:18;"39,8";149079000
2025-10-18;05:39:36;19:41:53;06:11:18;19:10:15;06:43:07;18:38:28;07:10:50;18:10:47;"102,2";"257,5";01:03:20;01:03:36;00:55:23;10:59:56;-00:02:35;12:41:06;"39,4";149037000
2025-10-19;05:40:38;19:40:30;06:12:20;19:08:51;06:44:11;18:37:03;07:11:56;18:09:19;"102,7";"257,1";01:03:20;01:03:39;00:55:28;10:57:22;-00:02:34;12:40:56;"39,1";148996000
2025-10-20;05:41:40;19:39:08;06:13:22;19:07:29;06:45:15;18:35:38;07:13:03;18:07:52;"103,2";"256,6";01:03:21;01:03:43;00:55:33;10:54:49;-00:02:33;12:40:45;"38,7";148954000
2025-10-21;05:42:43;19:37:47;06:14:25;19:06:08;06:46:19;18:34:15;07:14:10;18:06:27;"103,7";"256,1";01:03:21;01:03:46;00:55:39;10:52:16;-00:02:33;12:40:36;"38,4";148913000
2025-10-22;05:43:45;19:36:28;06:15:27;19:04:48;06:47:24;18:32:54;07:15:17;18:05:02;"104,1";"255,6";01:03:22;01:03:50;00:55:44;10:49:44;-00:02:32;12:40:27;"38,0";148872000
2025-10-23;05:44:47;19:35:10;06:16:30;19:03:29;06:48:29;18:31:33;07:16:25;18:03:38;"104,6";"255,2";01:03:24;01:03:54;00:55:50;10:47:13;-00:02:31;12:40:19;"37,7";148830000
2025-10-24;05:45:49;19:33:53;06:17:33;19:02:12;06:49:33;18:30:13;07:17:33;18:02:16;"105,1";"254,7";01:03:25;01:03:59;00:55:56;10:44:43;-00:02:30;12:40:11;"37,3";148789000
2025-10-25;05:46:51;19:32:38;06:18:36;19:00:56;06:50:38;18:28:55;07:18:41;18:00:54;"105,5";"254,3";01:03:27;01:04:03;00:56:03;10:42:13;-00:02:30;12:40:04;"37,0";148748000
2025-10-26;05:47:53;19:31:25;06:19:39;18:59:41;06:51:44;18:27:38;07:19:49;17:59:34;"106,0";"253,8";01:03:29;01:04:08;00:56:09;10:39:44;-00:02:29;12:39:58;"36,6";148706000
2025-10-27;05:48:55;19:30:12;06:20:42;18:58:28;06:52:49;18:26:22;07:20:58;17:58:15;"106,5";"253,3";01:03:31;01:04:13;00:56:16;10:37:16;-00:02:28;12:39:53;"36,3";148666000
2025-10-28;05:49:56;19:29:02;06:21:45;18:57:16;06:53:55;18:25:08;07:22:07;17:56:57;"106,9";"252,9";01:03:34;01:04:18;00:56:22;10:34:49;-00:02:27;12:39:48;"35,9";148625000
2025-10-29;05:50:58;19:27:53;06:22:48;18:56:05;06:55:00;18:23:54;07:23:16;17:55:40;"107,3";"252,5";01:03:36;01:04:23;00:56:29;10:32:24;-00:02:25;12:39:44;"35,6";148584000
2025-10-30;05:52:00;19:26:45;06:23:51;18:54:56;06:56:06;18:22:43;07:24:25;17:54:25;"107,8";"252,0";01:03:39;01:04:29;00:56:36;10:29:59;-00:02:25;12:39:41;"35,3";148544000
2025-10-31;05:53:02;19:25:39;06:24:54;18:53:49;06:57:12;18:21:32;07:25:35;17:53:11;"108,2";"251,6";01:03:42;01:04:34;00:56:44;10:27:35;-00:02:24;12:39:39;"35,0";148504000
2025-11-01;05:54:03;19:24:35;06:25:57;18:52:43;06:58:19;18:20:23;07:26:45;17:51:58;"108,7";"251,2";01:03:46;01:04:40;00:56:51;10:25:13;-00:02:22;12:39:37;"34,7";148464000
2025-11-02;04:55:05;18:23:32;05:27:01;17:51:38;05:59:25;17:19:16;06:27:55;16:50:47;"109,1";"250,7";01:03:49;01:04:46;00:56:58;10:22:52;-00:02:21;11:39:36;"34,3";148425000
2025-11-03;04:56:07;18:22:31;05:28:04;17:50:36;06:00:31;17:18:10;06:29:05;16:49:37;"109,5";"250,3";01:03:52;01:04:52;00:57:06;10:20:32;-00:02:20;11:39:36;"34,0";148387000
2025-11-04;04:57:08;18:21:32;05:29:07;17:49:34;06:01:38;17:17:05;06:30:15;16:48:29;"109,9";"249,9";01:03:56;01:04:58;00:57:14;10:18:13;-00:02:19;11:39:37;"33,7";148349000
2025-11-05;04:58:10;18:20:34;05:30:11;17:48:35;06:02:44;17:16:03;06:31:26;16:47:22;"110,3";"249,5";01:04:00;01:05:05;00:57:22;10:15:56;-00:02:17;11:39:39;"33,4";148312000
2025-11-06;04:59:11;18:19:38;05:31:14;17:47:37;06:03:51;17:15:01;06:32:36;16:46:17;"110,7";"249,1";01:04:04;01:05:11;00:57:30;10:13:40;-00:02:16;11:39:41;"33,1";148275000
2025-11-07;05:00:12;18:18:44;05:32:17;17:46:40;06:04:57;17:14:02;06:33:47;16:45:13;"111,1";"248,7";01:04:08;01:05:18;00:57:38;10:11:26;-00:02:14;11:39:44;"32,8";148239000
2025-11-08;05:01:14;18:17:52;05:33:21;17:45:46;06:06:04;17:13:04;06:34:57;16:44:11;"111,5";"248,3";01:04:12;01:05:25;00:57:46;10:09:13;-00:02:13;11:39:48;"32,5";148203000
2025-11-09;05:02:15;18:17:01;05:34:24;17:44:53;06:07:11;17:12:08;06:36:08;16:43:11;"111,9";"247,9";01:04:17;01:05:31;00:57:54;10:07:02;-00:02:11;11:39:53;"32,3";148168000
2025-11-10;05:03:16;18:16:12;05:35:27;17:44:02;06:08:17;17:11:13;06:37:19;16:42:12;"112,3";"247,5";01:04:21;01:05:38;00:58:02;10:04:53;-00:02:09;11:39:59;"32,0";148134000
2025-11-11;05:04:17;18:15:25;05:36:31;17:43:13;06:09:24;17:10:21;06:38:30;16:41:15;"112,7";"247,2";01:04:26;01:05:45;00:58:10;10:02:45;-00:02:08;11:40:06;"31,7";148100000
2025-11-12;05:05:18;18:14:40;05:37:34;17:42:26;06:10:31;17:09:30;06:39:41;16:40:20;"113,0";"246,8";01:04:30;01:05:52;00:58:19;10:00:39;-00:02:06;11:40:14;"31,4";148066000
2025-11-13;05:06:18;18:13:57;05:38:37;17:41:40;06:11:37;17:08:41;06:40:51;16:39:27;"113,4";"246,4";01:04:35;01:05:59;00:58:27;09:58:36;-00:02:03;11:40:22;"31,2";148033000
2025-11-14;05:07:19;18:13:16;05:39:40;17:40:56;06:12:43;17:07:54;06:42:02;16:38:36;"113,8";"246,1";01:04:40;01:06:06;00:58:36;09:56:34;-00:02:02;11:40:32;"30,9";148001000
2025-11-15;05:08:19;18:12:37;05:40:42;17:40:15;06:13:50;17:07:08;06:43:12;16:37:46;"114,1";"245,7";01:04:44;01:06:13;00:58:44;09:54:34;-00:02:00;11:40:42;"30,7";147969000
2025-11-16;05:09:20;18:11:59;05:41:45;17:39:35;06:14:56;17:06:25;06:44:22;16:36:59;"114,5";"245,4";01:04:49;01:06:20;00:58:52;09:52:36;-00:01:58;11:40:53;"30,4";147937000
2025-11-17;05:10:19;18:11:24;05:42:47;17:38:57;06:16:02;17:05:43;06:45:32;16:36:13;"114,8";"245,1";01:04:54;01:06:27;00:59:01;09:50:40;-00:01:56;11:41:05;"30,2";147905000
2025-11-18;05:11:19;18:10:50;05:43:49;17:38:21;06:17:07;17:05:04;06:46:42;16:35:29;"115,1";"244,7";01:04:59;01:06:35;00:59:09;09:48:47;-00:01:53;11:41:17;"29,9";147874000
2025-11-19;05:12:18;18:10:19;05:44:51;17:37:47;06:18:12;17:04:26;06:47:51;16:34:48;"115,4";"244,4";01:05:04;01:06:42;00:59:17;09:46:56;-00:01:51;11:41:31;"29,7";147843000
2025-11-20;05:13:17;18:09:49;05:45:52;17:37:15;06:19:17;17:03:51;06:49:00;16:34:08;"115,8";"244,1";01:05:09;01:06:49;00:59:25;09:45:07;-00:01:49;11:41:45;"29,5";147813000
2025-11-21;05:14:16;18:09:22;05:46:53;17:36:45;06:20:22;17:03:17;06:50:09;16:33:31;"116,1";"243,8";01:05:14;01:06:55;00:59:33;09:43:21;-00:01:46;11:42:01;"29,2";147783000
2025-11-22;05:15:14;18:08:56;05:47:54;17:36:17;06:21:26;17:02:46;06:51:17;16:32:55;"116,4";"243,5";01:05:18;01:07:02;00:59:41;09:41:38;-00:01:43;11:42:17;"29,0";147753000
2025-11-23;05:16:12;18:08:33;05:48:54;17:35:51;06:22:29;17:02:17;06:52:24;16:32:22;"116,6";"243,2";01:05:23;01:07:09;00:59:49;09:39:57;-00:01:41;11:42:33;"28,8";147723000
2025-11-24;05:17:09;18:08:11;05:49:54;17:35:27;06:23:32;17:01:49;06:53:31;16:31:51;"116,9";"243,0";01:05:28;01:07:16;00:59:57;09:38:19;-00:01:38;11:42:51;"28,6";147694000
2025-11-25;05:18:06;18:07:51;05:50:53;17:35:05;06:24:35;17:01:24;06:54:38;16:31:22;"117,2";"242,7";01:05:33;01:07:22;01:00:05;09:36:43;-00:01:36;11:43:09;"28,4";147666000
2025-11-26;05:19:03;18:07:34;05:51:52;17:34:45;06:25:37;17:01:01;06:55:43;16:30:55;"117,5";"242,4";01:05:37;01:07:29;01:00:12;09:35:11;-00:01:32;11:43:28;"28,2";147638000
2025-11-27;05:19:58;18:07:18;05:52:50;17:34:27;06:26:38;17:00:40;06:56:48;16:30:30;"117,7";"242,2";01:05:42;01:07:35;01:00:20;09:33:41;-00:01:30;11:43:48;"28,1";147610000
2025-11-28;05:20:54;18:07:05;05:53:47;17:34:12;06:27:38;17:00:21;06:57:52;16:30:07;"118,0";"242,0";01:05:46;01:07:41;01:00:27;09:32:15;-00:01:26;11:44:08;"27,9";147583000
2025-11-29;05:21:48;18:06:53;05:54:44;17:33:58;06:28:38;17:00:04;06:58:55;16:29:47;"118,2";"241,7";01:05:50;01:07:47;01:00:34;09:30:51;-00:01:24;11:44:29;"27,7";147557000
2025-11-30;05:22:42;18:06:43;05:55:40;17:33:46;06:29:37;16:59:49;06:59:57;16:29:29;"118,4";"241,5";01:05:55;01:07:53;01:00:41;09:29:31;-00:01:20;11:44:51;"27,6";147532000
2025-12-01;05:23:35;18:06:36;05:56:35;17:33:36;06:30:35;16:59:37;07:00:59;16:29:13;"118,6";"241,3";01:05:59;01:07:59;01:00:47;09:28:14;-00:01:17;11:45:14;"27,4";147507000
2025-12-02;05:24:27;18:06:30;05:57:29;17:33:29;06:31:32;16:59:27;07:01:59;16:29:00;"118,8";"241,1";01:06:03;01:08:04;01:00:54;09:27:00;-00:01:14;11:45:37;"27,3";147483000
2025-12-03;05:25:19;18:06:27;05:58:23;17:33:23;06:32:28;16:59:18;07:02:58;16:28:48;"119,0";"240,9";01:06:07;01:08:10;01:01:00;09:25:50;-00:01:10;11:46:00;"27,1";147459000
2025-12-04;05:26:10;18:06:25;05:59:15;17:33:20;06:33:23;16:59:12;07:03:56;16:28:39;"119,2";"240,7";01:06:10;01:08:15;01:01:05;09:24:43;-00:01:07;11:46:24;"27,0";147437000
2025-12-05;05:27:00;18:06:25;06:00:07;17:33:18;06:34:17;16:59:08;07:04:53;16:28:33;"119,4";"240,5";01:06:14;01:08:20;01:01:11;09:23:39;-00:01:04;11:46:49;"26,9";147415000
2025-12-06;05:27:49;18:06:28;06:00:57;17:33:19;06:35:10;16:59:07;07:05:48;16:28:28;"119,6";"240,4";01:06:17;01:08:24;01:01:16;09:22:39;-00:01:00;11:47:14;"26,7";147395000
2025-12-07;05:28:37;18:06:32;06:01:47;17:33:22;06:36:02;16:59:07;07:06:43;16:28:26;"119,7";"240,2";01:06:20;01:08:28;01:01:21;09:21:43;-00:00:56;11:47:40;"26,6";147375000
2025-12-08;05:29:24;18:06:38;06:02:36;17:33:26;06:36:52;16:59:10;07:07:36;16:28:26;"119,9";"240,1";01:06:23;01:08:33;01:01:26;09:20:50;-00:00:53;11:48:06;"26,5";147356000
2025-12-09;05:30:10;18:06:46;06:03:23;17:33:33;06:37:42;16:59:15;07:08:27;16:28:29;"120,0";"239,9";01:06:26;01:08:36;01:01:31;09:20:01;-00:00:49;11:48:33;"26,4";147338000
2025-12-10;05:30:55;18:06:56;06:04:10;17:33:42;06:38:30;16:59:22;07:09:18;16:28:34;"120,1";"239,8";01:06:29;01:08:40;01:01:35;09:19:16;-00:00:45;11:49:00;"26,3";147321000
2025-12-11;05:31:39;18:07:08;06:04:55;17:33:52;06:39:17;16:59:31;07:10:06;16:28:41;"120,3";"239,7";01:06:31;01:08:43;01:01:38;09:18:34;-00:00:42;11:49:28;"26,3";147304000
2025-12-12;05:32:22;18:07:22;06:05:39;17:34:05;06:40:02;16:59:42;07:10:53;16:28:51;"120,4";"239,6";01:06:33;01:08:46;01:01:42;09:17:57;-00:00:37;11:49:56;"26,2";147289000
2025-12-13;05:33:04;18:07:38;06:06:21;17:34:20;06:40:46;16:59:55;07:11:39;16:29:03;"120,5";"239,5";01:06:35;01:08:49;01:01:45;09:17:23;-00:00:34;11:50:24;"26,1";147273000
2025-12-14;05:33:44;18:07:55;06:07:03;17:34:37;06:41:29;17:00:11;07:12:23;16:29:17;"120,5";"239,4";01:06:37;01:08:51;01:01:48;09:16:53;-00:00:30;11:50:53;"26,1";147259000
2025-12-15;05:34:23;18:08:15;06:07:43;17:34:55;06:42:10;17:00:28;07:13:05;16:29:33;"120,6";"239,4";01:06:38;01:08:53;01:01:50;09:16:27;-00:00:26;11:51:22;"26,0";147245000
2025-12-16;05:35:01;18:08:36;06:08:22;17:35:16;06:42:49;17:00:48;07:13:46;16:29:52;"120,7";"239,3";01:06:40;01:08:55;01:01:52;09:16:05;-00:00:22;11:51:51;"26,0";147232000
2025-12-17;05:35:38;18:08:59;06:08:59;17:35:38;06:43:27;17:01:10;07:14:25;16:30:13;"120,7";"239,3";01:06:41;01:08:57;01:01:54;09:15:48;-00:00:17;11:52:20;"25,9";147219000
2025-12-18;05:36:13;18:09:24;06:09:35;17:36:03;06:44:04;17:01:33;07:15:01;16:30:36;"120,8";"239,2";01:06:42;01:08:58;01:01:55;09:15:34;-00:00:14;11:52:50;"25,9";147207000
2025-12-19;05:36:47;18:09:50;06:10:09;17:36:29;06:44:38;17:01:59;07:15:36;16:31:01;"120,8";"239,2";01:06:42;01:08:59;01:01:56;09:15:24;-00:00:10;11:53:20;"25,9";147195000
2025-12-20;05:37:20;18:10:18;06:10:41;17:36:56;06:45:11;17:02:27;07:16:10;16:31:28;"120,8";"239,2";01:06:42;01:08:59;01:01:57;09:15:18;-00:00:06;11:53:50;"25,9";147184000
2025-12-21;05:37:51;18:10:48;06:11:12;17:37:26;06:45:42;17:02:56;07:16:41;16:31:58;"120,8";"239,2";01:06:43;01:08:59;01:01:57;09:15:16;-00:00:02;11:54:19;"25,9";147174000
2025-12-22;05:38:20;18:11:19;06:11:42;17:37:57;06:46:11;17:03:28;07:17:10;16:32:29;"120,8";"239,2";01:06:42;01:08:59;01:01:56;09:15:19;+00:00:03;11:54:49;"25,9";147164000
2025-12-23;05:38:48;18:11:52;06:12:09;17:38:30;06:46:39;17:04:01;07:17:37;16:33:03;"120,8";"239,2";01:06:42;01:08:58;01:01:56;09:15:25;+00:00:06;11:55:19;"25,9";147154000
2025-12-24;05:39:14;18:12:26;06:12:35;17:39:05;06:47:04;17:04:36;07:18:02;16:33:38;"120,8";"239,2";01:06:41;01:08:58;01:01:55;09:15:36;+00:00:11;11:55:49;"25,9";147146000
2025-12-25;05:39:39;18:13:02;06:12:59;17:39:41;06:47:28;17:05:13;07:18:25;16:34:16;"120,7";"239,3";01:06:41;01:08:56;01:01:53;09:15:50;+00:00:14;11:56:19;"25,9";147138000
2025-12-26;05:40:02;18:13:39;06:13:22;17:40:19;06:47:49;17:05:51;07:18:46;16:34:55;"120,7";"239,3";01:06:40;01:08:55;01:01:52;09:16:09;+00:00:19;11:56:49;"26,0";147130000
2025-12-27;05:40:23;18:14:17;06:13:42;17:40:58;06:48:09;17:06:31;07:19:04;16:35:36;"120,6";"239,4";01:06:38;01:08:53;01:01:50;09:16:32;+00:00:23;11:57:18;"26,0";147123000
2025-12-28;05:40:43;18:14:57;06:14:01;17:41:39;06:48:27;17:07:13;07:19:21;16:36:19;"120,6";"239,5";01:06:37;01:08:51;01:01:47;09:16:58;+00:00:26;11:57:47;"26,1";147117000
2025-12-29;05:41:00;18:15:39;06:14:18;17:42:21;06:48:42;17:07:56;07:19:35;16:37:04;"120,5";"239,6";01:06:35;01:08:49;01:01:44;09:17:29;+00:00:31;11:58:16;"26,1";147112000
2025-12-30;05:41:16;18:16:21;06:14:33;17:43:04;06:48:56;17:08:41;07:19:47;16:37:50;"120,4";"239,7";01:06:33;01:08:46;01:01:41;09:18:03;+00:00:34;11:58:45;"26,2";147108000
2025-12-31;05:41:30;18:17:05;06:14:46;17:43:49;06:49:07;17:09:28;07:19:56;16:38:39;"120,3";"239,8";01:06:31;01:08:43;01:01:38;09:18:42;+00:00:39;11:59:14;"26,3";147104000
